--
-- PostgreSQL database dump
--

-- Dumped from database version 17.4
-- Dumped by pg_dump version 17.4

SET statement_timeout = 0;
SET lock_timeout = 0;
SET idle_in_transaction_session_timeout = 0;
SET transaction_timeout = 0;
SET client_encoding = 'UTF8';
SET standard_conforming_strings = on;
SELECT pg_catalog.set_config('search_path', '', false);
SET check_function_bodies = false;
SET xmloption = content;
SET client_min_messages = warning;
SET row_security = off;

SET default_tablespace = '';

SET default_table_access_method = heap;

--
-- Name: customer_portfolios; Type: TABLE; Schema: public; Owner: postgres
--

CREATE TABLE public.customer_portfolios (
    customer_account_id integer NOT NULL,
    security_id integer NOT NULL,
    total_quantity integer NOT NULL,
    reserved_quantity integer DEFAULT 0 NOT NULL,
    avg_buy_price numeric(15,6) DEFAULT 0 NOT NULL,
    avg_sell_price numeric(18,5),
    sold_quantity integer,
    CONSTRAINT customer_portfolios_check CHECK ((total_quantity >= reserved_quantity)),
    CONSTRAINT customer_portfolios_total_quantity_check CHECK ((total_quantity >= 0))
);


ALTER TABLE public.customer_portfolios OWNER TO postgres;

--
-- Name: order_status; Type: TABLE; Schema: public; Owner: postgres
--

CREATE TABLE public.order_status (
    id integer NOT NULL,
    status character varying(18) NOT NULL
);


ALTER TABLE public.order_status OWNER TO postgres;

--
-- Name: order_type; Type: TABLE; Schema: public; Owner: postgres
--

CREATE TABLE public.order_type (
    id integer NOT NULL,
    type character varying(4) NOT NULL
);


ALTER TABLE public.order_type OWNER TO postgres;

--
-- Name: orders; Type: TABLE; Schema: public; Owner: postgres
--

CREATE TABLE public.orders (
    id integer NOT NULL,
    customer_account_id integer NOT NULL,
    security_id integer NOT NULL,
    savings_account_id integer NOT NULL,
    price numeric(10,2) NOT NULL,
    fee numeric(12,5) NOT NULL,
    quantity integer NOT NULL,
    available_quantity integer,
    created_at timestamp without time zone DEFAULT now() NOT NULL,
    order_type_id integer NOT NULL,
    order_status_id integer NOT NULL
);


ALTER TABLE public.orders OWNER TO postgres;

--
-- Name: orders_id_seq; Type: SEQUENCE; Schema: public; Owner: postgres
--

ALTER TABLE public.orders ALTER COLUMN id ADD GENERATED BY DEFAULT AS IDENTITY (
    SEQUENCE NAME public.orders_id_seq
    START WITH 1
    INCREMENT BY 1
    NO MINVALUE
    NO MAXVALUE
    CACHE 1
);


--
-- Name: processed_operations; Type: TABLE; Schema: public; Owner: postgres
--

CREATE TABLE public.processed_operations (
    operation_id uuid NOT NULL
);


ALTER TABLE public.processed_operations OWNER TO postgres;

--
-- Name: transaction_saga; Type: TABLE; Schema: public; Owner: postgres
--

CREATE TABLE public.transaction_saga (
    id bigint NOT NULL,
    saga_id uuid NOT NULL,
    step character varying(50) NOT NULL,
    status character varying(20) NOT NULL,
    context jsonb NOT NULL,
    error_message text,
    created_at timestamp without time zone DEFAULT now() NOT NULL,
    updated_at timestamp without time zone DEFAULT now() NOT NULL
);


ALTER TABLE public.transaction_saga OWNER TO postgres;

--
-- Name: transaction_saga_id_seq; Type: SEQUENCE; Schema: public; Owner: postgres
--

CREATE SEQUENCE public.transaction_saga_id_seq
    START WITH 1
    INCREMENT BY 1
    NO MINVALUE
    NO MAXVALUE
    CACHE 1;


ALTER SEQUENCE public.transaction_saga_id_seq OWNER TO postgres;

--
-- Name: transaction_saga_id_seq; Type: SEQUENCE OWNED BY; Schema: public; Owner: postgres
--

ALTER SEQUENCE public.transaction_saga_id_seq OWNED BY public.transaction_saga.id;


--
-- Name: transactions; Type: TABLE; Schema: public; Owner: postgres
--

CREATE TABLE public.transactions (
    id integer NOT NULL,
    buy_order_id integer NOT NULL,
    sell_order_id integer NOT NULL,
    quantity integer NOT NULL,
    executed_price numeric(10,2) NOT NULL,
    executed_fee numeric(12,5) NOT NULL,
    executed_at timestamp without time zone DEFAULT now() NOT NULL
);


ALTER TABLE public.transactions OWNER TO postgres;

--
-- Name: transactions_id_seq; Type: SEQUENCE; Schema: public; Owner: postgres
--

ALTER TABLE public.transactions ALTER COLUMN id ADD GENERATED BY DEFAULT AS IDENTITY (
    SEQUENCE NAME public.transactions_id_seq
    START WITH 1
    INCREMENT BY 1
    NO MINVALUE
    NO MAXVALUE
    CACHE 1
);


--
-- Name: transaction_saga id; Type: DEFAULT; Schema: public; Owner: postgres
--

ALTER TABLE ONLY public.transaction_saga ALTER COLUMN id SET DEFAULT nextval('public.transaction_saga_id_seq'::regclass);


--
-- Data for Name: customer_portfolios; Type: TABLE DATA; Schema: public; Owner: postgres
--

COPY public.customer_portfolios (customer_account_id, security_id, total_quantity, reserved_quantity, avg_buy_price, avg_sell_price, sold_quantity) FROM stdin;
1	1	10	10	284.251499	\N	0
1	2	10	10	412.959908	\N	0
1	3	10	10	226.478087	\N	0
1	4	10	10	241.005226	\N	0
1	5	10	10	316.470796	\N	0
1	6	10	10	636.418833	\N	0
1	7	10	10	375.633264	\N	0
1	8	10	10	689149.160175	\N	0
1	9	10	10	897.328031	\N	0
1	10	10	10	323.958956	\N	0
1	11	10	10	131.746796	\N	0
1	12	10	10	388.265401	\N	0
1	13	10	10	330.381155	\N	0
1	14	10	10	537.212527	\N	0
1	15	10	10	311.107963	\N	0
1	16	10	10	139.132700	\N	0
1	17	10	10	973.127236	\N	0
1	18	10	10	82.412783	\N	0
1	19	10	10	142.465198	\N	0
1	20	10	10	94.562576	\N	0
1	21	10	10	241.025313	\N	0
1	22	10	10	79.540341	\N	0
1	23	10	10	91.038083	\N	0
1	24	10	10	345.419255	\N	0
1	25	10	10	163.070114	\N	0
1	26	10	10	455.060305	\N	0
1	27	10	10	206.648908	\N	0
1	28	10	10	50.561098	\N	0
1	29	10	10	924.936089	\N	0
1	30	10	10	115.016170	\N	0
2	1	10	10	255.144625	\N	0
2	2	10	10	436.300356	\N	0
2	3	10	10	198.784251	\N	0
2	4	10	10	258.393605	\N	0
2	5	10	10	328.856620	\N	0
2	6	10	10	623.946078	\N	0
2	7	10	10	402.980133	\N	0
2	8	10	10	766734.064036	\N	0
2	9	10	10	934.019297	\N	0
2	10	10	10	288.635235	\N	0
2	11	10	10	138.414158	\N	0
2	12	10	10	320.779814	\N	0
2	13	10	10	293.010938	\N	0
2	14	10	10	519.048694	\N	0
2	15	10	10	363.938882	\N	0
2	16	10	10	133.992252	\N	0
2	17	10	10	934.193013	\N	0
2	18	10	10	70.698791	\N	0
2	19	10	10	149.691939	\N	0
2	20	10	10	83.624489	\N	0
2	21	10	10	230.128087	\N	0
2	22	10	10	89.915562	\N	0
2	23	10	10	85.211913	\N	0
2	24	10	10	337.768366	\N	0
2	25	10	10	152.804970	\N	0
2	26	10	10	394.648192	\N	0
2	27	10	10	171.940237	\N	0
2	28	10	10	52.108261	\N	0
2	29	10	10	1001.976944	\N	0
2	30	10	10	117.865505	\N	0
3	1	10	10	269.494717	\N	0
3	2	10	10	408.402074	\N	0
3	3	10	10	188.436119	\N	0
3	4	10	10	284.871593	\N	0
3	5	10	10	311.551097	\N	0
3	6	10	10	656.406767	\N	0
3	7	10	10	358.844258	\N	0
3	8	10	10	710747.571572	\N	0
3	9	10	10	971.249315	\N	0
3	10	10	10	284.139083	\N	0
3	11	10	10	124.131546	\N	0
3	12	10	10	347.393058	\N	0
3	13	10	10	338.667910	\N	0
3	14	10	10	536.935853	\N	0
3	15	10	10	325.665475	\N	0
3	16	10	10	143.298309	\N	0
3	17	10	10	975.218423	\N	0
3	18	10	10	71.341353	\N	0
3	19	10	10	149.945045	\N	0
3	20	10	10	91.784720	\N	0
3	21	10	10	262.674761	\N	0
3	22	10	10	84.843377	\N	0
3	23	10	10	93.637116	\N	0
3	24	10	10	354.549778	\N	0
3	25	10	10	141.806985	\N	0
3	26	10	10	455.642249	\N	0
3	27	10	10	191.723420	\N	0
3	28	10	10	53.591962	\N	0
3	29	10	10	870.651469	\N	0
3	30	10	10	111.673205	\N	0
4	1	10	10	297.576850	\N	0
4	2	10	10	389.787030	\N	0
4	3	10	10	189.156867	\N	0
4	4	10	10	272.532563	\N	0
4	5	10	10	366.431587	\N	0
4	6	10	10	708.963649	\N	0
4	7	10	10	382.003569	\N	0
4	8	10	10	758954.020856	\N	0
4	9	10	10	963.086216	\N	0
4	10	10	10	286.598786	\N	0
4	11	10	10	122.218786	\N	0
4	12	10	10	329.728103	\N	0
4	13	10	10	297.093825	\N	0
4	14	10	10	480.415908	\N	0
4	15	10	10	311.642214	\N	0
4	16	10	10	151.721226	\N	0
4	17	10	10	1028.439606	\N	0
4	18	10	10	74.567235	\N	0
4	19	10	10	167.992897	\N	0
4	20	10	10	93.865361	\N	0
4	21	10	10	268.849492	\N	0
4	22	10	10	89.909166	\N	0
4	23	10	10	99.419776	\N	0
4	24	10	10	327.721510	\N	0
4	25	10	10	145.996993	\N	0
4	26	10	10	464.666791	\N	0
4	27	10	10	203.611094	\N	0
4	28	10	10	52.700443	\N	0
4	29	10	10	1011.657832	\N	0
4	30	10	10	113.693207	\N	0
5	1	10	10	279.543957	\N	0
5	2	10	10	389.743982	\N	0
5	3	10	10	221.588421	\N	0
5	4	10	10	262.489720	\N	0
5	5	10	10	344.621565	\N	0
5	6	10	10	690.012825	\N	0
5	7	10	10	371.508922	\N	0
5	8	10	10	750668.196736	\N	0
5	9	10	10	797.516600	\N	0
5	10	10	10	338.962554	\N	0
5	11	10	10	121.161639	\N	0
5	12	10	10	352.269701	\N	0
5	13	10	10	313.258904	\N	0
5	14	10	10	518.162056	\N	0
5	15	10	10	363.491413	\N	0
5	16	10	10	159.303004	\N	0
5	17	10	10	1021.219793	\N	0
5	18	10	10	81.009417	\N	0
5	19	10	10	145.715110	\N	0
5	20	10	10	80.979077	\N	0
5	21	10	10	247.291791	\N	0
5	22	10	10	90.787937	\N	0
5	23	10	10	98.093320	\N	0
5	24	10	10	359.939916	\N	0
5	25	10	10	152.362455	\N	0
5	26	10	10	438.212374	\N	0
5	27	10	10	203.940916	\N	0
5	28	10	10	56.373937	\N	0
5	29	10	10	918.018727	\N	0
5	30	10	10	120.999217	\N	0
6	1	10	10	297.994064	\N	0
6	2	10	10	427.405099	\N	0
6	3	10	10	210.937558	\N	0
6	4	10	10	260.354442	\N	0
6	5	10	10	372.377265	\N	0
6	6	10	10	676.580885	\N	0
6	7	10	10	410.057977	\N	0
6	8	10	10	685795.834765	\N	0
6	9	10	10	862.130308	\N	0
6	10	10	10	316.502608	\N	0
6	11	10	10	122.848277	\N	0
6	12	10	10	348.960270	\N	0
6	13	10	10	326.303087	\N	0
6	14	10	10	547.002674	\N	0
6	15	10	10	318.515663	\N	0
6	16	10	10	145.266086	\N	0
6	17	10	10	941.565556	\N	0
6	18	10	10	75.587486	\N	0
6	19	10	10	152.864640	\N	0
6	20	10	10	97.069100	\N	0
6	21	10	10	265.033528	\N	0
6	22	10	10	76.255431	\N	0
6	23	10	10	87.532048	\N	0
6	24	10	10	351.517267	\N	0
6	25	10	10	160.446489	\N	0
6	26	10	10	395.085911	\N	0
6	27	10	10	195.575381	\N	0
6	28	10	10	55.451098	\N	0
6	29	10	10	1015.525348	\N	0
6	30	10	10	117.543016	\N	0
7	1	10	10	261.685033	\N	0
7	2	10	10	418.492524	\N	0
7	3	10	10	214.284219	\N	0
7	4	10	10	279.221074	\N	0
7	5	10	10	337.992714	\N	0
7	6	10	10	643.763939	\N	0
7	7	10	10	374.328326	\N	0
7	8	10	10	690726.982131	\N	0
7	9	10	10	837.340457	\N	0
7	10	10	10	289.153141	\N	0
7	11	10	10	142.121633	\N	0
7	12	10	10	371.372360	\N	0
7	13	10	10	314.781612	\N	0
7	14	10	10	501.858044	\N	0
7	15	10	10	355.463132	\N	0
7	16	10	10	158.071741	\N	0
7	17	10	10	1093.755694	\N	0
7	18	10	10	70.144053	\N	0
7	19	10	10	140.761129	\N	0
7	20	10	10	83.218840	\N	0
7	21	10	10	232.240652	\N	0
7	22	10	10	85.878748	\N	0
7	23	10	10	93.438901	\N	0
7	24	10	10	323.559237	\N	0
7	25	10	10	157.891238	\N	0
7	26	10	10	387.138774	\N	0
7	27	10	10	183.535087	\N	0
7	28	10	10	48.231451	\N	0
7	29	10	10	952.018131	\N	0
7	30	10	10	102.787686	\N	0
8	1	10	10	267.227713	\N	0
8	2	10	10	452.865420	\N	0
8	3	10	10	222.137171	\N	0
8	4	10	10	256.405723	\N	0
8	5	10	10	371.630560	\N	0
8	6	10	10	612.582874	\N	0
8	7	10	10	399.039317	\N	0
8	8	10	10	705342.532687	\N	0
8	9	10	10	847.366116	\N	0
8	10	10	10	338.968823	\N	0
8	11	10	10	138.205740	\N	0
8	12	10	10	346.608634	\N	0
8	13	10	10	282.457453	\N	0
8	14	10	10	496.294019	\N	0
8	15	10	10	320.332422	\N	0
8	16	10	10	133.519338	\N	0
8	17	10	10	933.452828	\N	0
8	18	10	10	78.190860	\N	0
8	19	10	10	143.978843	\N	0
8	20	10	10	94.976101	\N	0
8	21	10	10	223.919474	\N	0
8	22	10	10	83.267916	\N	0
8	23	10	10	86.650938	\N	0
8	24	10	10	357.469809	\N	0
8	25	10	10	138.662948	\N	0
8	26	10	10	425.029357	\N	0
8	27	10	10	195.193128	\N	0
8	28	10	10	54.057316	\N	0
8	29	10	10	936.123648	\N	0
8	30	10	10	121.257288	\N	0
9	1	10	10	272.968673	\N	0
9	2	10	10	399.981943	\N	0
9	3	10	10	207.680658	\N	0
9	4	10	10	260.883896	\N	0
9	5	10	10	324.779789	\N	0
9	6	10	10	734.639855	\N	0
9	7	10	10	361.397419	\N	0
9	8	10	10	751344.820896	\N	0
9	9	10	10	918.782883	\N	0
9	10	10	10	328.859708	\N	0
9	11	10	10	119.688399	\N	0
9	12	10	10	319.786832	\N	0
9	13	10	10	335.097338	\N	0
9	14	10	10	512.908849	\N	0
9	15	10	10	347.196933	\N	0
9	16	10	10	152.304796	\N	0
9	17	10	10	1060.030457	\N	0
9	18	10	10	76.021243	\N	0
9	19	10	10	165.915938	\N	0
9	20	10	10	83.430604	\N	0
9	21	10	10	239.148973	\N	0
9	22	10	10	84.859234	\N	0
9	23	10	10	87.915668	\N	0
9	24	10	10	355.380014	\N	0
9	25	10	10	146.946414	\N	0
9	26	10	10	388.724822	\N	0
9	27	10	10	185.639675	\N	0
9	28	10	10	55.184193	\N	0
9	29	10	10	876.052372	\N	0
9	30	10	10	108.663368	\N	0
10	1	10	10	283.022534	\N	0
10	2	10	10	383.771466	\N	0
10	3	10	10	227.673027	\N	0
10	4	10	10	288.120440	\N	0
10	5	10	10	345.379054	\N	0
10	6	10	10	673.320537	\N	0
10	7	10	10	373.354409	\N	0
10	8	10	10	678220.009106	\N	0
10	9	10	10	879.973289	\N	0
10	10	10	10	330.709591	\N	0
10	11	10	10	132.153682	\N	0
10	12	10	10	351.405698	\N	0
10	13	10	10	304.710888	\N	0
10	14	10	10	483.864686	\N	0
10	15	10	10	319.109824	\N	0
10	16	10	10	137.317403	\N	0
10	17	10	10	1010.259159	\N	0
10	18	10	10	72.225993	\N	0
10	19	10	10	167.645736	\N	0
10	20	10	10	96.875688	\N	0
10	21	10	10	240.337501	\N	0
10	22	10	10	83.351677	\N	0
10	23	10	10	101.583581	\N	0
10	24	10	10	371.547871	\N	0
10	25	10	10	140.868804	\N	0
10	26	10	10	384.966831	\N	0
10	27	10	10	208.163848	\N	0
10	28	10	10	49.103592	\N	0
10	29	10	10	919.077337	\N	0
10	30	10	10	121.744137	\N	0
11	1	10	10	247.689679	\N	0
11	2	10	10	422.256026	\N	0
11	3	10	10	195.684660	\N	0
11	4	10	10	239.957058	\N	0
11	5	10	10	321.292200	\N	0
11	6	10	10	617.516047	\N	0
11	7	10	10	340.325114	\N	0
11	8	10	10	755005.906178	\N	0
11	9	10	10	830.846742	\N	0
11	10	10	10	301.779812	\N	0
11	11	10	10	121.558962	\N	0
11	12	10	10	377.192982	\N	0
11	13	10	10	331.871789	\N	0
11	14	10	10	505.529609	\N	0
11	15	10	10	311.345632	\N	0
11	16	10	10	141.779690	\N	0
11	17	10	10	1111.181223	\N	0
11	18	10	10	79.161098	\N	0
11	19	10	10	160.047218	\N	0
11	20	10	10	94.193087	\N	0
11	21	10	10	230.891365	\N	0
11	22	10	10	86.068701	\N	0
11	23	10	10	92.772356	\N	0
11	24	10	10	333.994310	\N	0
11	25	10	10	150.374355	\N	0
11	26	10	10	393.860135	\N	0
11	27	10	10	197.636201	\N	0
11	28	10	10	52.047629	\N	0
11	29	10	10	918.380936	\N	0
11	30	10	10	112.520762	\N	0
12	1	10	10	280.518801	\N	0
12	2	10	10	430.415752	\N	0
12	3	10	10	203.450433	\N	0
12	4	10	10	283.385463	\N	0
12	5	10	10	310.396432	\N	0
12	6	10	10	665.820418	\N	0
12	7	10	10	358.405236	\N	0
12	8	10	10	671320.075070	\N	0
12	9	10	10	914.469418	\N	0
12	10	10	10	278.044705	\N	0
12	11	10	10	132.823685	\N	0
12	12	10	10	349.832815	\N	0
12	13	10	10	310.287136	\N	0
12	14	10	10	524.407694	\N	0
12	15	10	10	343.429251	\N	0
12	16	10	10	143.311827	\N	0
12	17	10	10	1055.966237	\N	0
12	18	10	10	69.111326	\N	0
12	19	10	10	156.243998	\N	0
12	20	10	10	96.956302	\N	0
12	21	10	10	232.344083	\N	0
12	22	10	10	89.873820	\N	0
12	23	10	10	88.698941	\N	0
12	24	10	10	377.959163	\N	0
12	25	10	10	146.256569	\N	0
12	26	10	10	459.952626	\N	0
12	27	10	10	188.745571	\N	0
12	28	10	10	55.680645	\N	0
12	29	10	10	872.747342	\N	0
12	30	10	10	108.192000	\N	0
13	1	10	10	267.436628	\N	0
13	2	10	10	437.048428	\N	0
13	3	10	10	222.139659	\N	0
13	4	10	10	252.286076	\N	0
13	5	10	10	332.458883	\N	0
13	6	10	10	676.818648	\N	0
13	7	10	10	410.244652	\N	0
13	8	10	10	718798.777492	\N	0
13	9	10	10	967.145597	\N	0
13	10	10	10	284.257878	\N	0
13	11	10	10	130.260628	\N	0
13	12	10	10	368.205167	\N	0
13	13	10	10	310.223203	\N	0
13	14	10	10	492.852189	\N	0
13	15	10	10	346.771216	\N	0
13	16	10	10	146.470448	\N	0
13	17	10	10	940.961973	\N	0
13	18	10	10	81.254204	\N	0
13	19	10	10	163.191681	\N	0
13	20	10	10	87.057675	\N	0
13	21	10	10	234.472923	\N	0
13	22	10	10	85.095125	\N	0
13	23	10	10	101.624176	\N	0
13	24	10	10	369.594126	\N	0
13	25	10	10	159.363412	\N	0
13	26	10	10	462.435263	\N	0
13	27	10	10	185.510039	\N	0
13	28	10	10	54.119116	\N	0
13	29	10	10	992.712906	\N	0
13	30	10	10	112.960106	\N	0
14	1	10	10	292.418708	\N	0
14	2	10	10	388.950499	\N	0
14	3	10	10	227.670017	\N	0
14	4	10	10	279.167294	\N	0
14	5	10	10	310.396206	\N	0
14	6	10	10	659.593240	\N	0
14	7	10	10	364.661858	\N	0
14	8	10	10	744875.533232	\N	0
14	9	10	10	822.554026	\N	0
14	10	10	10	321.127603	\N	0
14	11	10	10	131.537497	\N	0
14	12	10	10	325.511252	\N	0
14	13	10	10	332.084819	\N	0
14	14	10	10	499.564085	\N	0
14	15	10	10	304.300295	\N	0
14	16	10	10	150.380817	\N	0
14	17	10	10	1078.954615	\N	0
14	18	10	10	71.385327	\N	0
14	19	10	10	145.398613	\N	0
14	20	10	10	93.972602	\N	0
14	21	10	10	245.598088	\N	0
14	22	10	10	86.170559	\N	0
14	23	10	10	100.694605	\N	0
14	24	10	10	333.640475	\N	0
14	25	10	10	134.850616	\N	0
14	26	10	10	413.499106	\N	0
14	27	10	10	180.627685	\N	0
14	28	10	10	54.893619	\N	0
14	29	10	10	992.230328	\N	0
14	30	10	10	104.127337	\N	0
15	1	10	10	246.182086	\N	0
15	2	10	10	397.398877	\N	0
15	3	10	10	201.872705	\N	0
15	4	10	10	242.860289	\N	0
15	5	10	10	349.989544	\N	0
15	6	10	10	669.022449	\N	0
15	7	10	10	365.374444	\N	0
15	8	10	10	766885.157488	\N	0
15	9	10	10	809.418735	\N	0
15	10	10	10	337.214718	\N	0
15	11	10	10	119.636157	\N	0
15	12	10	10	348.250940	\N	0
15	13	10	10	340.003021	\N	0
15	14	10	10	524.160334	\N	0
15	15	10	10	339.613877	\N	0
15	16	10	10	151.340674	\N	0
15	17	10	10	1067.772621	\N	0
15	18	10	10	76.365161	\N	0
15	19	10	10	148.111512	\N	0
15	20	10	10	88.836711	\N	0
15	21	10	10	226.308297	\N	0
15	22	10	10	75.939676	\N	0
15	23	10	10	91.363705	\N	0
15	24	10	10	363.055955	\N	0
15	25	10	10	149.468422	\N	0
15	26	10	10	387.593746	\N	0
15	27	10	10	172.847739	\N	0
15	28	10	10	47.483275	\N	0
15	29	10	10	941.680024	\N	0
15	30	10	10	110.379640	\N	0
16	1	10	10	259.012978	\N	0
16	2	10	10	445.043604	\N	0
16	3	10	10	192.237969	\N	0
16	4	10	10	276.263890	\N	0
16	5	10	10	329.322528	\N	0
16	6	10	10	671.317263	\N	0
16	7	10	10	398.462646	\N	0
16	8	10	10	712130.345931	\N	0
16	9	10	10	933.043265	\N	0
16	10	10	10	305.979501	\N	0
16	11	10	10	118.569955	\N	0
16	12	10	10	362.580542	\N	0
16	13	10	10	311.016758	\N	0
16	14	10	10	538.864371	\N	0
16	15	10	10	332.693701	\N	0
16	16	10	10	135.413687	\N	0
16	17	10	10	1059.329907	\N	0
16	18	10	10	83.871334	\N	0
16	19	10	10	152.928084	\N	0
16	20	10	10	95.431235	\N	0
16	21	10	10	255.867442	\N	0
16	22	10	10	74.645860	\N	0
16	23	10	10	93.261205	\N	0
16	24	10	10	360.125090	\N	0
16	25	10	10	136.242755	\N	0
16	26	10	10	424.340635	\N	0
16	27	10	10	177.059166	\N	0
16	28	10	10	51.679168	\N	0
16	29	10	10	970.494456	\N	0
16	30	10	10	110.937713	\N	0
17	1	10	10	270.733261	\N	0
17	2	10	10	387.734938	\N	0
17	3	10	10	224.171997	\N	0
17	4	10	10	246.147864	\N	0
17	5	10	10	319.144554	\N	0
17	6	10	10	620.575212	\N	0
17	7	10	10	381.208691	\N	0
17	8	10	10	666605.646666	\N	0
17	9	10	10	927.200429	\N	0
17	10	10	10	332.330821	\N	0
17	11	10	10	133.860277	\N	0
17	12	10	10	367.324890	\N	0
17	13	10	10	286.998309	\N	0
17	14	10	10	525.844869	\N	0
17	15	10	10	307.923693	\N	0
17	16	10	10	158.840809	\N	0
17	17	10	10	1017.347577	\N	0
17	18	10	10	75.934492	\N	0
17	19	10	10	167.068468	\N	0
17	20	10	10	96.435198	\N	0
17	21	10	10	242.217314	\N	0
17	22	10	10	77.960827	\N	0
17	23	10	10	101.579503	\N	0
17	24	10	10	344.154992	\N	0
17	25	10	10	140.517022	\N	0
17	26	10	10	392.739487	\N	0
17	27	10	10	202.909881	\N	0
17	28	10	10	55.960676	\N	0
17	29	10	10	842.840848	\N	0
17	30	10	10	113.487044	\N	0
18	1	10	10	278.935682	\N	0
18	2	10	10	445.268721	\N	0
18	3	10	10	224.596767	\N	0
18	4	10	10	278.493489	\N	0
18	5	10	10	327.586410	\N	0
18	6	10	10	741.003154	\N	0
18	7	10	10	353.208401	\N	0
18	8	10	10	756242.482389	\N	0
18	9	10	10	842.984934	\N	0
18	10	10	10	333.150995	\N	0
18	11	10	10	137.073672	\N	0
18	12	10	10	356.757307	\N	0
18	13	10	10	322.764307	\N	0
18	14	10	10	459.047915	\N	0
18	15	10	10	361.596167	\N	0
18	16	10	10	151.942158	\N	0
18	17	10	10	1103.701067	\N	0
18	18	10	10	72.268854	\N	0
18	19	10	10	169.444758	\N	0
18	20	10	10	90.906984	\N	0
18	21	10	10	229.396502	\N	0
18	22	10	10	82.778351	\N	0
18	23	10	10	91.060116	\N	0
18	24	10	10	366.793464	\N	0
18	25	10	10	155.969298	\N	0
18	26	10	10	429.946140	\N	0
18	27	10	10	199.114153	\N	0
18	28	10	10	56.490478	\N	0
18	29	10	10	1007.552358	\N	0
18	30	10	10	101.112284	\N	0
19	1	10	10	286.191411	\N	0
19	2	10	10	445.730626	\N	0
19	3	10	10	220.400528	\N	0
19	4	10	10	254.747885	\N	0
19	5	10	10	312.160215	\N	0
19	6	10	10	698.849084	\N	0
19	7	10	10	382.401967	\N	0
19	8	10	10	666094.140316	\N	0
19	9	10	10	818.693720	\N	0
19	10	10	10	278.278951	\N	0
19	11	10	10	130.259042	\N	0
19	12	10	10	356.213146	\N	0
19	13	10	10	312.501612	\N	0
19	14	10	10	458.022443	\N	0
19	15	10	10	362.877440	\N	0
19	16	10	10	161.649880	\N	0
19	17	10	10	946.724644	\N	0
19	18	10	10	83.377746	\N	0
19	19	10	10	170.804839	\N	0
19	20	10	10	94.803221	\N	0
19	21	10	10	249.463972	\N	0
19	22	10	10	75.772459	\N	0
19	23	10	10	85.972255	\N	0
19	24	10	10	327.428139	\N	0
19	25	10	10	144.089564	\N	0
19	26	10	10	402.123406	\N	0
19	27	10	10	176.669828	\N	0
19	28	10	10	46.962161	\N	0
19	29	10	10	966.525224	\N	0
19	30	10	10	112.249189	\N	0
20	1	10	10	287.678123	\N	0
20	2	10	10	435.771671	\N	0
20	3	10	10	228.085281	\N	0
20	4	10	10	241.921516	\N	0
20	5	10	10	314.526294	\N	0
20	6	10	10	738.883098	\N	0
20	7	10	10	412.283158	\N	0
20	8	10	10	673394.978596	\N	0
20	9	10	10	816.693364	\N	0
20	10	10	10	304.702208	\N	0
20	11	10	10	123.655070	\N	0
20	12	10	10	381.555483	\N	0
20	13	10	10	317.371225	\N	0
20	14	10	10	497.393910	\N	0
20	15	10	10	344.701708	\N	0
20	16	10	10	140.946006	\N	0
20	17	10	10	926.226306	\N	0
20	18	10	10	73.434344	\N	0
20	19	10	10	166.252045	\N	0
20	20	10	10	96.112391	\N	0
20	21	10	10	269.392327	\N	0
20	22	10	10	87.317656	\N	0
20	23	10	10	97.412205	\N	0
20	24	10	10	378.750969	\N	0
20	25	10	10	163.749492	\N	0
20	26	10	10	406.053516	\N	0
20	27	10	10	176.287999	\N	0
20	28	10	10	48.948953	\N	0
20	29	10	10	918.809179	\N	0
20	30	10	10	102.389004	\N	0
21	1	10	10	282.947291	\N	0
21	2	10	10	447.936873	\N	0
21	3	10	10	219.479102	\N	0
21	4	10	10	245.644042	\N	0
21	5	10	10	348.511287	\N	0
21	6	10	10	717.909879	\N	0
21	7	10	10	395.314285	\N	0
21	8	10	10	674415.279249	\N	0
21	9	10	10	799.044939	\N	0
21	10	10	10	293.770151	\N	0
21	11	10	10	135.272515	\N	0
21	12	10	10	386.232808	\N	0
21	13	10	10	322.543669	\N	0
21	14	10	10	531.383704	\N	0
21	15	10	10	335.157566	\N	0
21	16	10	10	154.040633	\N	0
21	17	10	10	1045.378878	\N	0
21	18	10	10	84.280768	\N	0
21	19	10	10	159.730810	\N	0
21	20	10	10	91.429817	\N	0
21	21	10	10	256.330887	\N	0
21	22	10	10	87.948296	\N	0
21	23	10	10	87.108692	\N	0
21	24	10	10	347.335982	\N	0
21	25	10	10	154.622536	\N	0
21	26	10	10	380.888732	\N	0
21	27	10	10	201.204969	\N	0
21	28	10	10	48.311822	\N	0
21	29	10	10	994.375800	\N	0
21	30	10	10	101.103541	\N	0
22	1	10	10	283.885983	\N	0
22	2	10	10	457.508112	\N	0
22	3	10	10	194.374001	\N	0
22	4	10	10	248.567618	\N	0
22	5	10	10	331.822431	\N	0
22	6	10	10	640.012374	\N	0
22	7	10	10	360.020460	\N	0
22	8	10	10	693128.421106	\N	0
22	9	10	10	954.370860	\N	0
22	10	10	10	316.861069	\N	0
22	11	10	10	137.379214	\N	0
22	12	10	10	341.431392	\N	0
22	13	10	10	284.453536	\N	0
22	14	10	10	462.096520	\N	0
22	15	10	10	359.001196	\N	0
22	16	10	10	150.934628	\N	0
22	17	10	10	947.503149	\N	0
22	18	10	10	81.587637	\N	0
22	19	10	10	163.882122	\N	0
22	20	10	10	90.205656	\N	0
22	21	10	10	239.212285	\N	0
22	22	10	10	83.410298	\N	0
22	23	10	10	88.616770	\N	0
22	24	10	10	342.072745	\N	0
22	25	10	10	152.390458	\N	0
22	26	10	10	457.648063	\N	0
22	27	10	10	191.073880	\N	0
22	28	10	10	55.485585	\N	0
22	29	10	10	977.902416	\N	0
22	30	10	10	108.798871	\N	0
23	1	10	10	276.342716	\N	0
23	2	10	10	415.042455	\N	0
23	3	10	10	208.962824	\N	0
23	4	10	10	247.901355	\N	0
23	5	10	10	325.833224	\N	0
23	6	10	10	652.498138	\N	0
23	7	10	10	356.930477	\N	0
23	8	10	10	775191.272012	\N	0
23	9	10	10	838.258092	\N	0
23	10	10	10	325.035229	\N	0
23	11	10	10	129.904209	\N	0
23	12	10	10	382.653665	\N	0
23	13	10	10	292.750010	\N	0
23	14	10	10	463.821443	\N	0
23	15	10	10	309.534390	\N	0
23	16	10	10	142.787449	\N	0
23	17	10	10	1078.973142	\N	0
23	18	10	10	83.530501	\N	0
23	19	10	10	163.889364	\N	0
23	20	10	10	85.475722	\N	0
23	21	10	10	252.613795	\N	0
23	22	10	10	75.330149	\N	0
23	23	10	10	85.505815	\N	0
23	24	10	10	349.521545	\N	0
23	25	10	10	158.026034	\N	0
23	26	10	10	445.832093	\N	0
23	27	10	10	204.424378	\N	0
23	28	10	10	48.832225	\N	0
23	29	10	10	933.206598	\N	0
23	30	10	10	117.792069	\N	0
24	1	10	10	291.279970	\N	0
24	2	10	10	460.706506	\N	0
24	3	10	10	204.943107	\N	0
24	4	10	10	251.673393	\N	0
24	5	10	10	354.671425	\N	0
24	6	10	10	678.321110	\N	0
24	7	10	10	406.973947	\N	0
24	8	10	10	767971.088620	\N	0
24	9	10	10	833.212091	\N	0
24	10	10	10	295.984697	\N	0
24	11	10	10	139.623825	\N	0
24	12	10	10	322.888276	\N	0
24	13	10	10	330.620291	\N	0
24	14	10	10	482.023784	\N	0
24	15	10	10	323.376680	\N	0
24	16	10	10	158.693646	\N	0
24	17	10	10	1037.519433	\N	0
24	18	10	10	75.579725	\N	0
24	19	10	10	142.174707	\N	0
24	20	10	10	91.996775	\N	0
24	21	10	10	234.747971	\N	0
24	22	10	10	76.549830	\N	0
24	23	10	10	85.197107	\N	0
24	24	10	10	343.824701	\N	0
24	25	10	10	155.308555	\N	0
24	26	10	10	391.505533	\N	0
24	27	10	10	179.098718	\N	0
24	28	10	10	47.636032	\N	0
24	29	10	10	965.689806	\N	0
24	30	10	10	121.781001	\N	0
25	1	10	10	295.555279	\N	0
25	2	10	10	401.947150	\N	0
25	3	10	10	210.058837	\N	0
25	4	10	10	265.817836	\N	0
25	5	10	10	347.843319	\N	0
25	6	10	10	739.686128	\N	0
25	7	10	10	361.446573	\N	0
25	8	10	10	660022.227394	\N	0
25	9	10	10	924.009575	\N	0
25	10	10	10	292.724984	\N	0
25	11	10	10	137.797159	\N	0
25	12	10	10	327.502780	\N	0
25	13	10	10	326.791787	\N	0
25	14	10	10	455.462901	\N	0
25	15	10	10	336.700968	\N	0
25	16	10	10	143.210364	\N	0
25	17	10	10	1071.004080	\N	0
25	18	10	10	74.875481	\N	0
25	19	10	10	144.547522	\N	0
25	20	10	10	85.826453	\N	0
25	21	10	10	253.765857	\N	0
25	22	10	10	83.763589	\N	0
25	23	10	10	96.772956	\N	0
25	24	10	10	359.730702	\N	0
25	25	10	10	149.528524	\N	0
25	26	10	10	398.003520	\N	0
25	27	10	10	207.310601	\N	0
25	28	10	10	47.304632	\N	0
25	29	10	10	852.354814	\N	0
25	30	10	10	122.599590	\N	0
26	1	10	10	289.642597	\N	0
26	2	10	10	447.604112	\N	0
26	3	10	10	209.044001	\N	0
26	4	10	10	279.074775	\N	0
26	5	10	10	342.127818	\N	0
26	6	10	10	620.422527	\N	0
26	7	10	10	355.975928	\N	0
26	8	10	10	734382.832342	\N	0
26	9	10	10	939.563164	\N	0
26	10	10	10	320.876351	\N	0
26	11	10	10	129.585871	\N	0
26	12	10	10	386.725719	\N	0
26	13	10	10	334.802623	\N	0
26	14	10	10	456.859814	\N	0
26	15	10	10	345.955320	\N	0
26	16	10	10	141.209036	\N	0
26	17	10	10	920.358769	\N	0
26	18	10	10	72.261058	\N	0
26	19	10	10	161.422701	\N	0
26	20	10	10	95.269099	\N	0
26	21	10	10	222.105590	\N	0
26	22	10	10	86.722669	\N	0
26	23	10	10	98.080772	\N	0
26	24	10	10	364.922765	\N	0
26	25	10	10	141.567460	\N	0
26	26	10	10	392.069224	\N	0
26	27	10	10	171.264375	\N	0
26	28	10	10	53.066676	\N	0
26	29	10	10	896.500837	\N	0
26	30	10	10	114.139093	\N	0
27	1	10	10	284.586851	\N	0
27	2	10	10	412.053298	\N	0
27	3	10	10	210.164724	\N	0
27	4	10	10	280.629491	\N	0
27	5	10	10	378.832073	\N	0
27	6	10	10	691.133932	\N	0
27	7	10	10	342.699884	\N	0
27	8	10	10	704947.419139	\N	0
27	9	10	10	836.589581	\N	0
27	10	10	10	337.433507	\N	0
27	11	10	10	131.833507	\N	0
27	12	10	10	371.960254	\N	0
27	13	10	10	284.136781	\N	0
27	14	10	10	472.412933	\N	0
27	15	10	10	336.363022	\N	0
27	16	10	10	138.994743	\N	0
27	17	10	10	1043.591884	\N	0
27	18	10	10	75.338104	\N	0
27	19	10	10	147.168259	\N	0
27	20	10	10	94.363452	\N	0
27	21	10	10	259.910987	\N	0
27	22	10	10	86.780941	\N	0
27	23	10	10	85.516117	\N	0
27	24	10	10	316.611014	\N	0
27	25	10	10	135.367372	\N	0
27	26	10	10	420.310024	\N	0
27	27	10	10	183.284532	\N	0
27	28	10	10	49.333311	\N	0
27	29	10	10	835.727893	\N	0
27	30	10	10	110.314521	\N	0
28	1	10	10	272.696852	\N	0
28	2	10	10	458.135535	\N	0
28	3	10	10	206.011953	\N	0
28	4	10	10	274.596626	\N	0
28	5	10	10	361.017161	\N	0
28	6	10	10	629.002567	\N	0
28	7	10	10	384.059723	\N	0
28	8	10	10	710542.234425	\N	0
28	9	10	10	903.172574	\N	0
28	10	10	10	295.253006	\N	0
28	11	10	10	135.292402	\N	0
28	12	10	10	387.005714	\N	0
28	13	10	10	303.461098	\N	0
28	14	10	10	483.820521	\N	0
28	15	10	10	333.882111	\N	0
28	16	10	10	150.792000	\N	0
28	17	10	10	1020.405112	\N	0
28	18	10	10	82.387585	\N	0
28	19	10	10	142.109364	\N	0
28	20	10	10	81.823969	\N	0
28	21	10	10	259.750216	\N	0
28	22	10	10	84.971905	\N	0
28	23	10	10	92.449145	\N	0
28	24	10	10	344.141254	\N	0
28	25	10	10	151.105274	\N	0
28	26	10	10	454.173290	\N	0
28	27	10	10	180.205066	\N	0
28	28	10	10	51.137067	\N	0
28	29	10	10	908.049417	\N	0
28	30	10	10	109.009382	\N	0
29	1	10	10	263.253497	\N	0
29	2	10	10	458.450664	\N	0
29	3	10	10	220.627037	\N	0
29	4	10	10	270.361906	\N	0
29	5	10	10	353.773763	\N	0
29	6	10	10	693.913626	\N	0
29	7	10	10	376.040266	\N	0
29	8	10	10	765063.110765	\N	0
29	9	10	10	798.856582	\N	0
29	10	10	10	333.466993	\N	0
29	11	10	10	120.070416	\N	0
29	12	10	10	390.063280	\N	0
29	13	10	10	289.003930	\N	0
29	14	10	10	460.861281	\N	0
29	15	10	10	331.082873	\N	0
29	16	10	10	148.290145	\N	0
29	17	10	10	1048.043326	\N	0
29	18	10	10	70.164061	\N	0
29	19	10	10	156.676027	\N	0
29	20	10	10	85.494499	\N	0
29	21	10	10	237.053905	\N	0
29	22	10	10	84.065715	\N	0
29	23	10	10	100.638787	\N	0
29	24	10	10	380.975229	\N	0
29	25	10	10	148.558974	\N	0
29	26	10	10	420.892810	\N	0
29	27	10	10	205.882333	\N	0
29	28	10	10	50.312118	\N	0
29	29	10	10	1012.036243	\N	0
29	30	10	10	119.336921	\N	0
30	1	10	10	258.065780	\N	0
30	2	10	10	422.150067	\N	0
30	3	10	10	214.336505	\N	0
30	4	10	10	254.150859	\N	0
30	5	10	10	346.854266	\N	0
30	6	10	10	690.247154	\N	0
30	7	10	10	370.061634	\N	0
30	8	10	10	733459.828070	\N	0
30	9	10	10	912.032746	\N	0
30	10	10	10	289.980417	\N	0
30	11	10	10	123.538111	\N	0
30	12	10	10	339.789452	\N	0
30	13	10	10	306.757970	\N	0
30	14	10	10	484.709401	\N	0
30	15	10	10	317.795825	\N	0
30	16	10	10	146.868384	\N	0
30	17	10	10	970.037792	\N	0
30	18	10	10	72.815767	\N	0
30	19	10	10	142.278251	\N	0
30	20	10	10	82.056034	\N	0
30	21	10	10	244.561420	\N	0
30	22	10	10	84.261216	\N	0
30	23	10	10	86.471869	\N	0
30	24	10	10	318.867334	\N	0
30	25	10	10	151.299322	\N	0
30	26	10	10	392.061214	\N	0
30	27	10	10	196.948322	\N	0
30	28	10	10	53.195387	\N	0
30	29	10	10	890.668583	\N	0
30	30	10	10	118.579487	\N	0
\.


--
-- Data for Name: order_status; Type: TABLE DATA; Schema: public; Owner: postgres
--

COPY public.order_status (id, status) FROM stdin;
1	OPEN
2	EXECUTED
3	PARTIALLY_EXECUTED
4	CANCELED
\.


--
-- Data for Name: order_type; Type: TABLE DATA; Schema: public; Owner: postgres
--

COPY public.order_type (id, type) FROM stdin;
1	BUY
2	SELL
\.


--
-- Data for Name: orders; Type: TABLE DATA; Schema: public; Owner: postgres
--

COPY public.orders (id, customer_account_id, security_id, savings_account_id, price, fee, quantity, available_quantity, created_at, order_type_id, order_status_id) FROM stdin;
1	1	1	1	269.72	0.80916	10	10	2026-04-26 18:30:20.046101	1	1
2	1	2	1	422.52	1.26756	10	10	2026-04-26 18:30:20.046101	1	1
3	1	3	1	207.25	0.62175	10	10	2026-04-26 18:30:20.046101	1	1
4	1	4	1	262.69	0.78807	10	10	2026-04-26 18:30:20.046101	1	1
5	1	5	1	342.70	1.02810	10	10	2026-04-26 18:30:20.046101	1	1
6	1	6	1	671.67	2.01501	10	10	2026-04-26 18:30:20.046101	1	1
7	1	7	1	374.44	1.12332	10	10	2026-04-26 18:30:20.046101	1	1
8	1	8	1	701236.22	2103.70866	10	10	2026-04-26 18:30:20.046101	1	1
9	1	9	1	879.56	2.63868	10	10	2026-04-26 18:30:20.046101	1	1
10	1	10	1	306.76	0.92028	10	10	2026-04-26 18:30:20.046101	1	1
11	1	11	1	129.29	0.38787	10	10	2026-04-26 18:30:20.046101	1	1
12	1	12	1	353.17	1.05951	10	10	2026-04-26 18:30:20.046101	1	1
13	1	13	1	307.89	0.92367	10	10	2026-04-26 18:30:20.046101	1	1
14	1	14	1	501.67	1.50501	10	10	2026-04-26 18:30:20.046101	1	1
15	1	15	1	334.23	1.00269	10	10	2026-04-26 18:30:20.046101	1	1
16	1	16	1	147.46	0.44238	10	10	2026-04-26 18:30:20.046101	1	1
17	1	17	1	1006.11	3.01833	10	10	2026-04-26 18:30:20.046101	1	1
18	1	18	1	76.27	0.22881	10	10	2026-04-26 18:30:20.046101	1	1
19	1	19	1	154.68	0.46404	10	10	2026-04-26 18:30:20.046101	1	1
20	1	20	1	88.58	0.26574	10	10	2026-04-26 18:30:20.046101	1	1
21	1	21	1	244.23	0.73269	10	10	2026-04-26 18:30:20.046101	1	1
22	1	22	1	82.15	0.24645	10	10	2026-04-26 18:30:20.046101	1	1
23	1	23	1	92.00	0.27600	10	10	2026-04-26 18:30:20.046101	1	1
24	1	24	1	346.09	1.03827	10	10	2026-04-26 18:30:20.046101	1	1
25	1	25	1	148.13	0.44439	10	10	2026-04-26 18:30:20.046101	1	1
26	1	26	1	420.67	1.26201	10	10	2026-04-26 18:30:20.046101	1	1
27	1	27	1	188.87	0.56661	10	10	2026-04-26 18:30:20.046101	1	1
28	1	28	1	51.81	0.15543	10	10	2026-04-26 18:30:20.046101	1	1
29	1	29	1	922.30	2.76690	10	10	2026-04-26 18:30:20.046101	1	1
30	1	30	1	111.36	0.33408	10	10	2026-04-26 18:30:20.046101	1	1
31	2	1	2	268.37	0.80511	10	10	2026-04-26 18:30:20.046101	1	1
32	2	2	2	420.39	1.26117	10	10	2026-04-26 18:30:20.046101	1	1
33	2	3	2	206.21	0.61863	10	10	2026-04-26 18:30:20.046101	1	1
34	2	4	2	261.37	0.78411	10	10	2026-04-26 18:30:20.046101	1	1
35	2	5	2	340.98	1.02294	10	10	2026-04-26 18:30:20.046101	1	1
36	2	6	2	668.30	2.00490	10	10	2026-04-26 18:30:20.046101	1	1
37	2	7	2	372.56	1.11768	10	10	2026-04-26 18:30:20.046101	1	1
38	2	8	2	697712.42	2093.13726	10	10	2026-04-26 18:30:20.046101	1	1
39	2	9	2	875.14	2.62542	10	10	2026-04-26 18:30:20.046101	1	1
40	2	10	2	305.22	0.91566	10	10	2026-04-26 18:30:20.046101	1	1
41	2	11	2	128.64	0.38592	10	10	2026-04-26 18:30:20.046101	1	1
42	2	12	2	351.39	1.05417	10	10	2026-04-26 18:30:20.046101	1	1
43	2	13	2	306.35	0.91905	10	10	2026-04-26 18:30:20.046101	1	1
44	2	14	2	499.15	1.49745	10	10	2026-04-26 18:30:20.046101	1	1
45	2	15	2	332.55	0.99765	10	10	2026-04-26 18:30:20.046101	1	1
46	2	16	2	146.72	0.44016	10	10	2026-04-26 18:30:20.046101	1	1
47	2	17	2	1001.06	3.00318	10	10	2026-04-26 18:30:20.046101	1	1
48	2	18	2	75.88	0.22764	10	10	2026-04-26 18:30:20.046101	1	1
49	2	19	2	153.91	0.46173	10	10	2026-04-26 18:30:20.046101	1	1
50	2	20	2	88.14	0.26442	10	10	2026-04-26 18:30:20.046101	1	1
51	2	21	2	243.01	0.72903	10	10	2026-04-26 18:30:20.046101	1	1
52	2	22	2	81.73	0.24519	10	10	2026-04-26 18:30:20.046101	1	1
53	2	23	2	91.54	0.27462	10	10	2026-04-26 18:30:20.046101	1	1
54	2	24	2	344.35	1.03305	10	10	2026-04-26 18:30:20.046101	1	1
55	2	25	2	147.38	0.44214	10	10	2026-04-26 18:30:20.046101	1	1
56	2	26	2	418.55	1.25565	10	10	2026-04-26 18:30:20.046101	1	1
57	2	27	2	187.92	0.56376	10	10	2026-04-26 18:30:20.046101	1	1
58	2	28	2	51.55	0.15465	10	10	2026-04-26 18:30:20.046101	1	1
59	2	29	2	917.66	2.75298	10	10	2026-04-26 18:30:20.046101	1	1
60	2	30	2	110.80	0.33240	10	10	2026-04-26 18:30:20.046101	1	1
61	3	1	3	267.01	0.80103	10	10	2026-04-26 18:30:20.046101	1	1
62	3	2	3	418.27	1.25481	10	10	2026-04-26 18:30:20.046101	1	1
63	3	3	3	205.17	0.61551	10	10	2026-04-26 18:30:20.046101	1	1
64	3	4	3	260.05	0.78015	10	10	2026-04-26 18:30:20.046101	1	1
65	3	5	3	339.25	1.01775	10	10	2026-04-26 18:30:20.046101	1	1
66	3	6	3	664.92	1.99476	10	10	2026-04-26 18:30:20.046101	1	1
67	3	7	3	370.68	1.11204	10	10	2026-04-26 18:30:20.046101	1	1
68	3	8	3	694188.62	2082.56586	10	10	2026-04-26 18:30:20.046101	1	1
69	3	9	3	870.72	2.61216	10	10	2026-04-26 18:30:20.046101	1	1
70	3	10	3	303.68	0.91104	10	10	2026-04-26 18:30:20.046101	1	1
71	3	11	3	127.99	0.38397	10	10	2026-04-26 18:30:20.046101	1	1
72	3	12	3	349.62	1.04886	10	10	2026-04-26 18:30:20.046101	1	1
73	3	13	3	304.80	0.91440	10	10	2026-04-26 18:30:20.046101	1	1
74	3	14	3	496.63	1.48989	10	10	2026-04-26 18:30:20.046101	1	1
75	3	15	3	330.87	0.99261	10	10	2026-04-26 18:30:20.046101	1	1
76	3	16	3	145.98	0.43794	10	10	2026-04-26 18:30:20.046101	1	1
77	3	17	3	996.00	2.98800	10	10	2026-04-26 18:30:20.046101	1	1
78	3	18	3	75.50	0.22650	10	10	2026-04-26 18:30:20.046101	1	1
79	3	19	3	153.13	0.45939	10	10	2026-04-26 18:30:20.046101	1	1
80	3	20	3	87.69	0.26307	10	10	2026-04-26 18:30:20.046101	1	1
81	3	21	3	241.78	0.72534	10	10	2026-04-26 18:30:20.046101	1	1
82	3	22	3	81.32	0.24396	10	10	2026-04-26 18:30:20.046101	1	1
83	3	23	3	91.07	0.27321	10	10	2026-04-26 18:30:20.046101	1	1
84	3	24	3	342.61	1.02783	10	10	2026-04-26 18:30:20.046101	1	1
85	3	25	3	146.64	0.43992	10	10	2026-04-26 18:30:20.046101	1	1
86	3	26	3	416.44	1.24932	10	10	2026-04-26 18:30:20.046101	1	1
87	3	27	3	186.97	0.56091	10	10	2026-04-26 18:30:20.046101	1	1
88	3	28	3	51.29	0.15387	10	10	2026-04-26 18:30:20.046101	1	1
89	3	29	3	913.03	2.73909	10	10	2026-04-26 18:30:20.046101	1	1
90	3	30	3	110.24	0.33072	10	10	2026-04-26 18:30:20.046101	1	1
91	4	1	4	265.66	0.79698	10	10	2026-04-26 18:30:20.046101	1	1
92	4	2	4	416.15	1.24845	10	10	2026-04-26 18:30:20.046101	1	1
93	4	3	4	204.12	0.61236	10	10	2026-04-26 18:30:20.046101	1	1
94	4	4	4	258.73	0.77619	10	10	2026-04-26 18:30:20.046101	1	1
95	4	5	4	337.53	1.01259	10	10	2026-04-26 18:30:20.046101	1	1
96	4	6	4	661.55	1.98465	10	10	2026-04-26 18:30:20.046101	1	1
97	4	7	4	368.79	1.10637	10	10	2026-04-26 18:30:20.046101	1	1
98	4	8	4	690664.82	2071.99446	10	10	2026-04-26 18:30:20.046101	1	1
99	4	9	4	866.30	2.59890	10	10	2026-04-26 18:30:20.046101	1	1
100	4	10	4	302.13	0.90639	10	10	2026-04-26 18:30:20.046101	1	1
101	4	11	4	127.34	0.38202	10	10	2026-04-26 18:30:20.046101	1	1
102	4	12	4	347.84	1.04352	10	10	2026-04-26 18:30:20.046101	1	1
103	4	13	4	303.25	0.90975	10	10	2026-04-26 18:30:20.046101	1	1
104	4	14	4	494.11	1.48233	10	10	2026-04-26 18:30:20.046101	1	1
105	4	15	4	329.19	0.98757	10	10	2026-04-26 18:30:20.046101	1	1
106	4	16	4	145.24	0.43572	10	10	2026-04-26 18:30:20.046101	1	1
107	4	17	4	990.95	2.97285	10	10	2026-04-26 18:30:20.046101	1	1
108	4	18	4	75.12	0.22536	10	10	2026-04-26 18:30:20.046101	1	1
109	4	19	4	152.35	0.45705	10	10	2026-04-26 18:30:20.046101	1	1
110	4	20	4	87.25	0.26175	10	10	2026-04-26 18:30:20.046101	1	1
111	4	21	4	240.55	0.72165	10	10	2026-04-26 18:30:20.046101	1	1
112	4	22	4	80.91	0.24273	10	10	2026-04-26 18:30:20.046101	1	1
113	4	23	4	90.61	0.27183	10	10	2026-04-26 18:30:20.046101	1	1
114	4	24	4	340.87	1.02261	10	10	2026-04-26 18:30:20.046101	1	1
115	4	25	4	145.89	0.43767	10	10	2026-04-26 18:30:20.046101	1	1
116	4	26	4	414.32	1.24296	10	10	2026-04-26 18:30:20.046101	1	1
117	4	27	4	186.02	0.55806	10	10	2026-04-26 18:30:20.046101	1	1
118	4	28	4	51.03	0.15309	10	10	2026-04-26 18:30:20.046101	1	1
119	4	29	4	908.39	2.72517	10	10	2026-04-26 18:30:20.046101	1	1
120	4	30	4	109.68	0.32904	10	10	2026-04-26 18:30:20.046101	1	1
121	5	1	5	264.30	0.79290	10	10	2026-04-26 18:30:20.046101	1	1
122	5	2	5	414.02	1.24206	10	10	2026-04-26 18:30:20.046101	1	1
123	5	3	5	203.08	0.60924	10	10	2026-04-26 18:30:20.046101	1	1
124	5	4	5	257.41	0.77223	10	10	2026-04-26 18:30:20.046101	1	1
125	5	5	5	335.81	1.00743	10	10	2026-04-26 18:30:20.046101	1	1
126	5	6	5	658.17	1.97451	10	10	2026-04-26 18:30:20.046101	1	1
127	5	7	5	366.91	1.10073	10	10	2026-04-26 18:30:20.046101	1	1
128	5	8	5	687141.02	2061.42306	10	10	2026-04-26 18:30:20.046101	1	1
129	5	9	5	861.88	2.58564	10	10	2026-04-26 18:30:20.046101	1	1
130	5	10	5	300.59	0.90177	10	10	2026-04-26 18:30:20.046101	1	1
131	5	11	5	126.69	0.38007	10	10	2026-04-26 18:30:20.046101	1	1
132	5	12	5	346.07	1.03821	10	10	2026-04-26 18:30:20.046101	1	1
133	5	13	5	301.70	0.90510	10	10	2026-04-26 18:30:20.046101	1	1
134	5	14	5	491.59	1.47477	10	10	2026-04-26 18:30:20.046101	1	1
135	5	15	5	327.51	0.98253	10	10	2026-04-26 18:30:20.046101	1	1
136	5	16	5	144.50	0.43350	10	10	2026-04-26 18:30:20.046101	1	1
137	5	17	5	985.89	2.95767	10	10	2026-04-26 18:30:20.046101	1	1
138	5	18	5	74.73	0.22419	10	10	2026-04-26 18:30:20.046101	1	1
139	5	19	5	151.57	0.45471	10	10	2026-04-26 18:30:20.046101	1	1
140	5	20	5	86.80	0.26040	10	10	2026-04-26 18:30:20.046101	1	1
141	5	21	5	239.32	0.71796	10	10	2026-04-26 18:30:20.046101	1	1
142	5	22	5	80.50	0.24150	10	10	2026-04-26 18:30:20.046101	1	1
143	5	23	5	90.15	0.27045	10	10	2026-04-26 18:30:20.046101	1	1
144	5	24	5	339.13	1.01739	10	10	2026-04-26 18:30:20.046101	1	1
145	5	25	5	145.15	0.43545	10	10	2026-04-26 18:30:20.046101	1	1
146	5	26	5	412.21	1.23663	10	10	2026-04-26 18:30:20.046101	1	1
147	5	27	5	185.07	0.55521	10	10	2026-04-26 18:30:20.046101	1	1
148	5	28	5	50.77	0.15231	10	10	2026-04-26 18:30:20.046101	1	1
149	5	29	5	903.76	2.71128	10	10	2026-04-26 18:30:20.046101	1	1
150	5	30	5	109.12	0.32736	10	10	2026-04-26 18:30:20.046101	1	1
151	6	1	6	262.95	0.78885	10	10	2026-04-26 18:30:20.046101	1	1
152	6	2	6	411.90	1.23570	10	10	2026-04-26 18:30:20.046101	1	1
153	6	3	6	202.04	0.60612	10	10	2026-04-26 18:30:20.046101	1	1
154	6	4	6	256.09	0.76827	10	10	2026-04-26 18:30:20.046101	1	1
155	6	5	6	334.09	1.00227	10	10	2026-04-26 18:30:20.046101	1	1
156	6	6	6	654.80	1.96440	10	10	2026-04-26 18:30:20.046101	1	1
157	6	7	6	365.03	1.09509	10	10	2026-04-26 18:30:20.046101	1	1
158	6	8	6	683617.22	2050.85166	10	10	2026-04-26 18:30:20.046101	1	1
159	6	9	6	857.46	2.57238	10	10	2026-04-26 18:30:20.046101	1	1
160	6	10	6	299.05	0.89715	10	10	2026-04-26 18:30:20.046101	1	1
161	6	11	6	126.04	0.37812	10	10	2026-04-26 18:30:20.046101	1	1
162	6	12	6	344.29	1.03287	10	10	2026-04-26 18:30:20.046101	1	1
163	6	13	6	300.16	0.90048	10	10	2026-04-26 18:30:20.046101	1	1
164	6	14	6	489.06	1.46718	10	10	2026-04-26 18:30:20.046101	1	1
165	6	15	6	325.83	0.97749	10	10	2026-04-26 18:30:20.046101	1	1
166	6	16	6	143.75	0.43125	10	10	2026-04-26 18:30:20.046101	1	1
167	6	17	6	980.83	2.94249	10	10	2026-04-26 18:30:20.046101	1	1
168	6	18	6	74.35	0.22305	10	10	2026-04-26 18:30:20.046101	1	1
169	6	19	6	150.80	0.45240	10	10	2026-04-26 18:30:20.046101	1	1
170	6	20	6	86.36	0.25908	10	10	2026-04-26 18:30:20.046101	1	1
171	6	21	6	238.10	0.71430	10	10	2026-04-26 18:30:20.046101	1	1
172	6	22	6	80.08	0.24024	10	10	2026-04-26 18:30:20.046101	1	1
173	6	23	6	89.69	0.26907	10	10	2026-04-26 18:30:20.046101	1	1
174	6	24	6	337.40	1.01220	10	10	2026-04-26 18:30:20.046101	1	1
175	6	25	6	144.40	0.43320	10	10	2026-04-26 18:30:20.046101	1	1
176	6	26	6	410.10	1.23030	10	10	2026-04-26 18:30:20.046101	1	1
177	6	27	6	184.13	0.55239	10	10	2026-04-26 18:30:20.046101	1	1
178	6	28	6	50.51	0.15153	10	10	2026-04-26 18:30:20.046101	1	1
179	6	29	6	899.12	2.69736	10	10	2026-04-26 18:30:20.046101	1	1
180	6	30	6	108.56	0.32568	10	10	2026-04-26 18:30:20.046101	1	1
181	7	1	7	261.59	0.78477	10	10	2026-04-26 18:30:20.046101	1	1
182	7	2	7	409.78	1.22934	10	10	2026-04-26 18:30:20.046101	1	1
183	7	3	7	201.00	0.60300	10	10	2026-04-26 18:30:20.046101	1	1
184	7	4	7	254.77	0.76431	10	10	2026-04-26 18:30:20.046101	1	1
185	7	5	7	332.37	0.99711	10	10	2026-04-26 18:30:20.046101	1	1
186	7	6	7	651.42	1.95426	10	10	2026-04-26 18:30:20.046101	1	1
187	7	7	7	363.15	1.08945	10	10	2026-04-26 18:30:20.046101	1	1
188	7	8	7	680093.42	2040.28026	10	10	2026-04-26 18:30:20.046101	1	1
189	7	9	7	853.04	2.55912	10	10	2026-04-26 18:30:20.046101	1	1
190	7	10	7	297.51	0.89253	10	10	2026-04-26 18:30:20.046101	1	1
191	7	11	7	125.39	0.37617	10	10	2026-04-26 18:30:20.046101	1	1
192	7	12	7	342.52	1.02756	10	10	2026-04-26 18:30:20.046101	1	1
193	7	13	7	298.61	0.89583	10	10	2026-04-26 18:30:20.046101	1	1
194	7	14	7	486.54	1.45962	10	10	2026-04-26 18:30:20.046101	1	1
195	7	15	7	324.15	0.97245	10	10	2026-04-26 18:30:20.046101	1	1
196	7	16	7	143.01	0.42903	10	10	2026-04-26 18:30:20.046101	1	1
197	7	17	7	975.78	2.92734	10	10	2026-04-26 18:30:20.046101	1	1
198	7	18	7	73.97	0.22191	10	10	2026-04-26 18:30:20.046101	1	1
199	7	19	7	150.02	0.45006	10	10	2026-04-26 18:30:20.046101	1	1
200	7	20	7	85.91	0.25773	10	10	2026-04-26 18:30:20.046101	1	1
201	7	21	7	236.87	0.71061	10	10	2026-04-26 18:30:20.046101	1	1
202	7	22	7	79.67	0.23901	10	10	2026-04-26 18:30:20.046101	1	1
203	7	23	7	89.22	0.26766	10	10	2026-04-26 18:30:20.046101	1	1
204	7	24	7	335.66	1.00698	10	10	2026-04-26 18:30:20.046101	1	1
205	7	25	7	143.66	0.43098	10	10	2026-04-26 18:30:20.046101	1	1
206	7	26	7	407.98	1.22394	10	10	2026-04-26 18:30:20.046101	1	1
207	7	27	7	183.18	0.54954	10	10	2026-04-26 18:30:20.046101	1	1
208	7	28	7	50.25	0.15075	10	10	2026-04-26 18:30:20.046101	1	1
209	7	29	7	894.49	2.68347	10	10	2026-04-26 18:30:20.046101	1	1
210	7	30	7	108.00	0.32400	10	10	2026-04-26 18:30:20.046101	1	1
211	8	1	8	260.24	0.78072	10	10	2026-04-26 18:30:20.046101	1	1
212	8	2	8	407.65	1.22295	10	10	2026-04-26 18:30:20.046101	1	1
213	8	3	8	199.96	0.59988	10	10	2026-04-26 18:30:20.046101	1	1
214	8	4	8	253.45	0.76035	10	10	2026-04-26 18:30:20.046101	1	1
215	8	5	8	330.64	0.99192	10	10	2026-04-26 18:30:20.046101	1	1
216	8	6	8	648.05	1.94415	10	10	2026-04-26 18:30:20.046101	1	1
217	8	7	8	361.27	1.08381	10	10	2026-04-26 18:30:20.046101	1	1
218	8	8	8	676569.62	2029.70886	10	10	2026-04-26 18:30:20.046101	1	1
219	8	9	8	848.62	2.54586	10	10	2026-04-26 18:30:20.046101	1	1
220	8	10	8	295.97	0.88791	10	10	2026-04-26 18:30:20.046101	1	1
221	8	11	8	124.74	0.37422	10	10	2026-04-26 18:30:20.046101	1	1
222	8	12	8	340.74	1.02222	10	10	2026-04-26 18:30:20.046101	1	1
223	8	13	8	297.06	0.89118	10	10	2026-04-26 18:30:20.046101	1	1
224	8	14	8	484.02	1.45206	10	10	2026-04-26 18:30:20.046101	1	1
225	8	15	8	322.47	0.96741	10	10	2026-04-26 18:30:20.046101	1	1
226	8	16	8	142.27	0.42681	10	10	2026-04-26 18:30:20.046101	1	1
227	8	17	8	970.72	2.91216	10	10	2026-04-26 18:30:20.046101	1	1
228	8	18	8	73.58	0.22074	10	10	2026-04-26 18:30:20.046101	1	1
229	8	19	8	149.24	0.44772	10	10	2026-04-26 18:30:20.046101	1	1
230	8	20	8	85.47	0.25641	10	10	2026-04-26 18:30:20.046101	1	1
231	8	21	8	235.64	0.70692	10	10	2026-04-26 18:30:20.046101	1	1
232	8	22	8	79.26	0.23778	10	10	2026-04-26 18:30:20.046101	1	1
233	8	23	8	88.76	0.26628	10	10	2026-04-26 18:30:20.046101	1	1
234	8	24	8	333.92	1.00176	10	10	2026-04-26 18:30:20.046101	1	1
235	8	25	8	142.92	0.42876	10	10	2026-04-26 18:30:20.046101	1	1
236	8	26	8	405.87	1.21761	10	10	2026-04-26 18:30:20.046101	1	1
237	8	27	8	182.23	0.54669	10	10	2026-04-26 18:30:20.046101	1	1
238	8	28	8	49.99	0.14997	10	10	2026-04-26 18:30:20.046101	1	1
239	8	29	8	889.85	2.66955	10	10	2026-04-26 18:30:20.046101	1	1
240	8	30	8	107.44	0.32232	10	10	2026-04-26 18:30:20.046101	1	1
241	9	1	9	258.88	0.77664	10	10	2026-04-26 18:30:20.046101	1	1
242	9	2	9	405.53	1.21659	10	10	2026-04-26 18:30:20.046101	1	1
243	9	3	9	198.92	0.59676	10	10	2026-04-26 18:30:20.046101	1	1
244	9	4	9	252.13	0.75639	10	10	2026-04-26 18:30:20.046101	1	1
245	9	5	9	328.92	0.98676	10	10	2026-04-26 18:30:20.046101	1	1
246	9	6	9	644.67	1.93401	10	10	2026-04-26 18:30:20.046101	1	1
247	9	7	9	359.39	1.07817	10	10	2026-04-26 18:30:20.046101	1	1
248	9	8	9	673045.82	2019.13746	10	10	2026-04-26 18:30:20.046101	1	1
249	9	9	9	844.20	2.53260	10	10	2026-04-26 18:30:20.046101	1	1
250	9	10	9	294.43	0.88329	10	10	2026-04-26 18:30:20.046101	1	1
251	9	11	9	124.09	0.37227	10	10	2026-04-26 18:30:20.046101	1	1
252	9	12	9	338.97	1.01691	10	10	2026-04-26 18:30:20.046101	1	1
253	9	13	9	295.52	0.88656	10	10	2026-04-26 18:30:20.046101	1	1
254	9	14	9	481.50	1.44450	10	10	2026-04-26 18:30:20.046101	1	1
255	9	15	9	320.79	0.96237	10	10	2026-04-26 18:30:20.046101	1	1
256	9	16	9	141.53	0.42459	10	10	2026-04-26 18:30:20.046101	1	1
257	9	17	9	965.67	2.89701	10	10	2026-04-26 18:30:20.046101	1	1
258	9	18	9	73.20	0.21960	10	10	2026-04-26 18:30:20.046101	1	1
259	9	19	9	148.46	0.44538	10	10	2026-04-26 18:30:20.046101	1	1
260	9	20	9	85.02	0.25506	10	10	2026-04-26 18:30:20.046101	1	1
261	9	21	9	234.41	0.70323	10	10	2026-04-26 18:30:20.046101	1	1
262	9	22	9	78.84	0.23652	10	10	2026-04-26 18:30:20.046101	1	1
263	9	23	9	88.30	0.26490	10	10	2026-04-26 18:30:20.046101	1	1
264	9	24	9	332.18	0.99654	10	10	2026-04-26 18:30:20.046101	1	1
265	9	25	9	142.17	0.42651	10	10	2026-04-26 18:30:20.046101	1	1
266	9	26	9	403.75	1.21125	10	10	2026-04-26 18:30:20.046101	1	1
267	9	27	9	181.28	0.54384	10	10	2026-04-26 18:30:20.046101	1	1
268	9	28	9	49.73	0.14919	10	10	2026-04-26 18:30:20.046101	1	1
269	9	29	9	885.22	2.65566	10	10	2026-04-26 18:30:20.046101	1	1
270	9	30	9	106.88	0.32064	10	10	2026-04-26 18:30:20.046101	1	1
271	10	1	10	257.53	0.77259	10	10	2026-04-26 18:30:20.046101	1	1
272	10	2	10	403.41	1.21023	10	10	2026-04-26 18:30:20.046101	1	1
273	10	3	10	197.88	0.59364	10	10	2026-04-26 18:30:20.046101	1	1
274	10	4	10	250.81	0.75243	10	10	2026-04-26 18:30:20.046101	1	1
275	10	5	10	327.20	0.98160	10	10	2026-04-26 18:30:20.046101	1	1
276	10	6	10	641.30	1.92390	10	10	2026-04-26 18:30:20.046101	1	1
277	10	7	10	357.50	1.07250	10	10	2026-04-26 18:30:20.046101	1	1
278	10	8	10	669522.02	2008.56606	10	10	2026-04-26 18:30:20.046101	1	1
279	10	9	10	839.78	2.51934	10	10	2026-04-26 18:30:20.046101	1	1
280	10	10	10	292.89	0.87867	10	10	2026-04-26 18:30:20.046101	1	1
281	10	11	10	123.44	0.37032	10	10	2026-04-26 18:30:20.046101	1	1
282	10	12	10	337.19	1.01157	10	10	2026-04-26 18:30:20.046101	1	1
283	10	13	10	293.97	0.88191	10	10	2026-04-26 18:30:20.046101	1	1
284	10	14	10	478.98	1.43694	10	10	2026-04-26 18:30:20.046101	1	1
285	10	15	10	319.11	0.95733	10	10	2026-04-26 18:30:20.046101	1	1
286	10	16	10	140.79	0.42237	10	10	2026-04-26 18:30:20.046101	1	1
287	10	17	10	960.61	2.88183	10	10	2026-04-26 18:30:20.046101	1	1
288	10	18	10	72.82	0.21846	10	10	2026-04-26 18:30:20.046101	1	1
289	10	19	10	147.69	0.44307	10	10	2026-04-26 18:30:20.046101	1	1
290	10	20	10	84.58	0.25374	10	10	2026-04-26 18:30:20.046101	1	1
291	10	21	10	233.19	0.69957	10	10	2026-04-26 18:30:20.046101	1	1
292	10	22	10	78.43	0.23529	10	10	2026-04-26 18:30:20.046101	1	1
293	10	23	10	87.84	0.26352	10	10	2026-04-26 18:30:20.046101	1	1
294	10	24	10	330.44	0.99132	10	10	2026-04-26 18:30:20.046101	1	1
295	10	25	10	141.43	0.42429	10	10	2026-04-26 18:30:20.046101	1	1
296	10	26	10	401.64	1.20492	10	10	2026-04-26 18:30:20.046101	1	1
297	10	27	10	180.33	0.54099	10	10	2026-04-26 18:30:20.046101	1	1
298	10	28	10	49.47	0.14841	10	10	2026-04-26 18:30:20.046101	1	1
299	10	29	10	880.58	2.64174	10	10	2026-04-26 18:30:20.046101	1	1
300	10	30	10	106.32	0.31896	10	10	2026-04-26 18:30:20.046101	1	1
301	11	1	11	256.17	0.76851	10	10	2026-04-26 18:30:20.046101	1	1
302	11	2	11	401.28	1.20384	10	10	2026-04-26 18:30:20.046101	1	1
303	11	3	11	196.83	0.59049	10	10	2026-04-26 18:30:20.046101	1	1
304	11	4	11	249.49	0.74847	10	10	2026-04-26 18:30:20.046101	1	1
305	11	5	11	325.48	0.97644	10	10	2026-04-26 18:30:20.046101	1	1
306	11	6	11	637.92	1.91376	10	10	2026-04-26 18:30:20.046101	1	1
307	11	7	11	355.62	1.06686	10	10	2026-04-26 18:30:20.046101	1	1
308	11	8	11	665998.22	1997.99466	10	10	2026-04-26 18:30:20.046101	1	1
309	11	9	11	835.36	2.50608	10	10	2026-04-26 18:30:20.046101	1	1
310	11	10	11	291.34	0.87402	10	10	2026-04-26 18:30:20.046101	1	1
311	11	11	11	122.79	0.36837	10	10	2026-04-26 18:30:20.046101	1	1
312	11	12	11	335.42	1.00626	10	10	2026-04-26 18:30:20.046101	1	1
313	11	13	11	292.42	0.87726	10	10	2026-04-26 18:30:20.046101	1	1
314	11	14	11	476.46	1.42938	10	10	2026-04-26 18:30:20.046101	1	1
315	11	15	11	317.43	0.95229	10	10	2026-04-26 18:30:20.046101	1	1
316	11	16	11	140.05	0.42015	10	10	2026-04-26 18:30:20.046101	1	1
317	11	17	11	955.56	2.86668	10	10	2026-04-26 18:30:20.046101	1	1
318	11	18	11	72.43	0.21729	10	10	2026-04-26 18:30:20.046101	1	1
319	11	19	11	146.91	0.44073	10	10	2026-04-26 18:30:20.046101	1	1
320	11	20	11	84.13	0.25239	10	10	2026-04-26 18:30:20.046101	1	1
321	11	21	11	231.96	0.69588	10	10	2026-04-26 18:30:20.046101	1	1
322	11	22	11	78.02	0.23406	10	10	2026-04-26 18:30:20.046101	1	1
323	11	23	11	87.37	0.26211	10	10	2026-04-26 18:30:20.046101	1	1
324	11	24	11	328.70	0.98610	10	10	2026-04-26 18:30:20.046101	1	1
325	11	25	11	140.68	0.42204	10	10	2026-04-26 18:30:20.046101	1	1
326	11	26	11	399.53	1.19859	10	10	2026-04-26 18:30:20.046101	1	1
327	11	27	11	179.38	0.53814	10	10	2026-04-26 18:30:20.046101	1	1
328	11	28	11	49.21	0.14763	10	10	2026-04-26 18:30:20.046101	1	1
329	11	29	11	875.95	2.62785	10	10	2026-04-26 18:30:20.046101	1	1
330	11	30	11	105.76	0.31728	10	10	2026-04-26 18:30:20.046101	1	1
331	12	1	12	254.82	0.76446	10	10	2026-04-26 18:30:20.046101	1	1
332	12	2	12	399.16	1.19748	10	10	2026-04-26 18:30:20.046101	1	1
333	12	3	12	195.79	0.58737	10	10	2026-04-26 18:30:20.046101	1	1
334	12	4	12	248.17	0.74451	10	10	2026-04-26 18:30:20.046101	1	1
335	12	5	12	323.75	0.97125	10	10	2026-04-26 18:30:20.046101	1	1
336	12	6	12	634.55	1.90365	10	10	2026-04-26 18:30:20.046101	1	1
337	12	7	12	353.74	1.06122	10	10	2026-04-26 18:30:20.046101	1	1
338	12	8	12	662474.42	1987.42326	10	10	2026-04-26 18:30:20.046101	1	1
339	12	9	12	830.94	2.49282	10	10	2026-04-26 18:30:20.046101	1	1
340	12	10	12	289.80	0.86940	10	10	2026-04-26 18:30:20.046101	1	1
341	12	11	12	122.14	0.36642	10	10	2026-04-26 18:30:20.046101	1	1
342	12	12	12	333.64	1.00092	10	10	2026-04-26 18:30:20.046101	1	1
343	12	13	12	290.87	0.87261	10	10	2026-04-26 18:30:20.046101	1	1
344	12	14	12	473.94	1.42182	10	10	2026-04-26 18:30:20.046101	1	1
345	12	15	12	315.76	0.94728	10	10	2026-04-26 18:30:20.046101	1	1
346	12	16	12	139.31	0.41793	10	10	2026-04-26 18:30:20.046101	1	1
347	12	17	12	950.50	2.85150	10	10	2026-04-26 18:30:20.046101	1	1
348	12	18	12	72.05	0.21615	10	10	2026-04-26 18:30:20.046101	1	1
349	12	19	12	146.13	0.43839	10	10	2026-04-26 18:30:20.046101	1	1
350	12	20	12	83.69	0.25107	10	10	2026-04-26 18:30:20.046101	1	1
351	12	21	12	230.73	0.69219	10	10	2026-04-26 18:30:20.046101	1	1
352	12	22	12	77.61	0.23283	10	10	2026-04-26 18:30:20.046101	1	1
353	12	23	12	86.91	0.26073	10	10	2026-04-26 18:30:20.046101	1	1
354	12	24	12	326.96	0.98088	10	10	2026-04-26 18:30:20.046101	1	1
355	12	25	12	139.94	0.41982	10	10	2026-04-26 18:30:20.046101	1	1
356	12	26	12	397.41	1.19223	10	10	2026-04-26 18:30:20.046101	1	1
357	12	27	12	178.43	0.53529	10	10	2026-04-26 18:30:20.046101	1	1
358	12	28	12	48.95	0.14685	10	10	2026-04-26 18:30:20.046101	1	1
359	12	29	12	871.31	2.61393	10	10	2026-04-26 18:30:20.046101	1	1
360	12	30	12	105.20	0.31560	10	10	2026-04-26 18:30:20.046101	1	1
361	13	1	13	253.46	0.76038	10	10	2026-04-26 18:30:20.046101	1	1
362	13	2	13	397.04	1.19112	10	10	2026-04-26 18:30:20.046101	1	1
363	13	3	13	194.75	0.58425	10	10	2026-04-26 18:30:20.046101	1	1
364	13	4	13	246.85	0.74055	10	10	2026-04-26 18:30:20.046101	1	1
365	13	5	13	322.03	0.96609	10	10	2026-04-26 18:30:20.046101	1	1
366	13	6	13	631.17	1.89351	10	10	2026-04-26 18:30:20.046101	1	1
367	13	7	13	351.86	1.05558	10	10	2026-04-26 18:30:20.046101	1	1
368	13	8	13	658950.62	1976.85186	10	10	2026-04-26 18:30:20.046101	1	1
369	13	9	13	826.52	2.47956	10	10	2026-04-26 18:30:20.046101	1	1
370	13	10	13	288.26	0.86478	10	10	2026-04-26 18:30:20.046101	1	1
371	13	11	13	121.49	0.36447	10	10	2026-04-26 18:30:20.046101	1	1
372	13	12	13	331.87	0.99561	10	10	2026-04-26 18:30:20.046101	1	1
373	13	13	13	289.33	0.86799	10	10	2026-04-26 18:30:20.046101	1	1
374	13	14	13	471.42	1.41426	10	10	2026-04-26 18:30:20.046101	1	1
375	13	15	13	314.08	0.94224	10	10	2026-04-26 18:30:20.046101	1	1
376	13	16	13	138.57	0.41571	10	10	2026-04-26 18:30:20.046101	1	1
377	13	17	13	945.44	2.83632	10	10	2026-04-26 18:30:20.046101	1	1
378	13	18	13	71.67	0.21501	10	10	2026-04-26 18:30:20.046101	1	1
379	13	19	13	145.36	0.43608	10	10	2026-04-26 18:30:20.046101	1	1
380	13	20	13	83.24	0.24972	10	10	2026-04-26 18:30:20.046101	1	1
381	13	21	13	229.51	0.68853	10	10	2026-04-26 18:30:20.046101	1	1
382	13	22	13	77.19	0.23157	10	10	2026-04-26 18:30:20.046101	1	1
383	13	23	13	86.45	0.25935	10	10	2026-04-26 18:30:20.046101	1	1
384	13	24	13	325.22	0.97566	10	10	2026-04-26 18:30:20.046101	1	1
385	13	25	13	139.19	0.41757	10	10	2026-04-26 18:30:20.046101	1	1
386	13	26	13	395.30	1.18590	10	10	2026-04-26 18:30:20.046101	1	1
387	13	27	13	177.48	0.53244	10	10	2026-04-26 18:30:20.046101	1	1
388	13	28	13	48.69	0.14607	10	10	2026-04-26 18:30:20.046101	1	1
389	13	29	13	866.68	2.60004	10	10	2026-04-26 18:30:20.046101	1	1
390	13	30	13	104.65	0.31395	10	10	2026-04-26 18:30:20.046101	1	1
391	14	1	14	252.10	0.75630	10	10	2026-04-26 18:30:20.046101	1	1
392	14	2	14	394.92	1.18476	10	10	2026-04-26 18:30:20.046101	1	1
393	14	3	14	193.71	0.58113	10	10	2026-04-26 18:30:20.046101	1	1
394	14	4	14	245.53	0.73659	10	10	2026-04-26 18:30:20.046101	1	1
395	14	5	14	320.31	0.96093	10	10	2026-04-26 18:30:20.046101	1	1
396	14	6	14	627.80	1.88340	10	10	2026-04-26 18:30:20.046101	1	1
397	14	7	14	349.98	1.04994	10	10	2026-04-26 18:30:20.046101	1	1
398	14	8	14	655426.82	1966.28046	10	10	2026-04-26 18:30:20.046101	1	1
399	14	9	14	822.10	2.46630	10	10	2026-04-26 18:30:20.046101	1	1
400	14	10	14	286.72	0.86016	10	10	2026-04-26 18:30:20.046101	1	1
401	14	11	14	120.84	0.36252	10	10	2026-04-26 18:30:20.046101	1	1
402	14	12	14	330.09	0.99027	10	10	2026-04-26 18:30:20.046101	1	1
403	14	13	14	287.78	0.86334	10	10	2026-04-26 18:30:20.046101	1	1
404	14	14	14	468.90	1.40670	10	10	2026-04-26 18:30:20.046101	1	1
405	14	15	14	312.40	0.93720	10	10	2026-04-26 18:30:20.046101	1	1
406	14	16	14	137.83	0.41349	10	10	2026-04-26 18:30:20.046101	1	1
407	14	17	14	940.39	2.82117	10	10	2026-04-26 18:30:20.046101	1	1
408	14	18	14	71.28	0.21384	10	10	2026-04-26 18:30:20.046101	1	1
409	14	19	14	144.58	0.43374	10	10	2026-04-26 18:30:20.046101	1	1
410	14	20	14	82.80	0.24840	10	10	2026-04-26 18:30:20.046101	1	1
411	14	21	14	228.28	0.68484	10	10	2026-04-26 18:30:20.046101	1	1
412	14	22	14	76.78	0.23034	10	10	2026-04-26 18:30:20.046101	1	1
413	14	23	14	85.99	0.25797	10	10	2026-04-26 18:30:20.046101	1	1
414	14	24	14	323.48	0.97044	10	10	2026-04-26 18:30:20.046101	1	1
415	14	25	14	138.45	0.41535	10	10	2026-04-26 18:30:20.046101	1	1
416	14	26	14	393.19	1.17957	10	10	2026-04-26 18:30:20.046101	1	1
417	14	27	14	176.53	0.52959	10	10	2026-04-26 18:30:20.046101	1	1
418	14	28	14	48.43	0.14529	10	10	2026-04-26 18:30:20.046101	1	1
419	14	29	14	862.04	2.58612	10	10	2026-04-26 18:30:20.046101	1	1
420	14	30	14	104.09	0.31227	10	10	2026-04-26 18:30:20.046101	1	1
421	15	1	15	250.75	0.75225	10	10	2026-04-26 18:30:20.046101	1	1
422	15	2	15	392.79	1.17837	10	10	2026-04-26 18:30:20.046101	1	1
423	15	3	15	192.67	0.57801	10	10	2026-04-26 18:30:20.046101	1	1
424	15	4	15	244.21	0.73263	10	10	2026-04-26 18:30:20.046101	1	1
425	15	5	15	318.59	0.95577	10	10	2026-04-26 18:30:20.046101	1	1
426	15	6	15	624.42	1.87326	10	10	2026-04-26 18:30:20.046101	1	1
427	15	7	15	348.10	1.04430	10	10	2026-04-26 18:30:20.046101	1	1
428	15	8	15	651903.02	1955.70906	10	10	2026-04-26 18:30:20.046101	1	1
429	15	9	15	817.68	2.45304	10	10	2026-04-26 18:30:20.046101	1	1
430	15	10	15	285.18	0.85554	10	10	2026-04-26 18:30:20.046101	1	1
431	15	11	15	120.19	0.36057	10	10	2026-04-26 18:30:20.046101	1	1
432	15	12	15	328.32	0.98496	10	10	2026-04-26 18:30:20.046101	1	1
433	15	13	15	286.23	0.85869	10	10	2026-04-26 18:30:20.046101	1	1
434	15	14	15	466.38	1.39914	10	10	2026-04-26 18:30:20.046101	1	1
435	15	15	15	310.72	0.93216	10	10	2026-04-26 18:30:20.046101	1	1
436	15	16	15	137.09	0.41127	10	10	2026-04-26 18:30:20.046101	1	1
437	15	17	15	935.33	2.80599	10	10	2026-04-26 18:30:20.046101	1	1
438	15	18	15	70.90	0.21270	10	10	2026-04-26 18:30:20.046101	1	1
439	15	19	15	143.80	0.43140	10	10	2026-04-26 18:30:20.046101	1	1
440	15	20	15	82.35	0.24705	10	10	2026-04-26 18:30:20.046101	1	1
441	15	21	15	227.05	0.68115	10	10	2026-04-26 18:30:20.046101	1	1
442	15	22	15	76.37	0.22911	10	10	2026-04-26 18:30:20.046101	1	1
443	15	23	15	85.53	0.25659	10	10	2026-04-26 18:30:20.046101	1	1
444	15	24	15	321.74	0.96522	10	10	2026-04-26 18:30:20.046101	1	1
445	15	25	15	137.70	0.41310	10	10	2026-04-26 18:30:20.046101	1	1
446	15	26	15	391.07	1.17321	10	10	2026-04-26 18:30:20.046101	1	1
447	15	27	15	175.58	0.52674	10	10	2026-04-26 18:30:20.046101	1	1
448	15	28	15	48.16	0.14448	10	10	2026-04-26 18:30:20.046101	1	1
449	15	29	15	857.41	2.57223	10	10	2026-04-26 18:30:20.046101	1	1
450	15	30	15	103.53	0.31059	10	10	2026-04-26 18:30:20.046101	1	1
451	16	1	16	249.39	0.74817	10	10	2026-04-26 18:30:20.046101	1	1
452	16	2	16	390.67	1.17201	10	10	2026-04-26 18:30:20.046101	1	1
453	16	3	16	191.63	0.57489	10	10	2026-04-26 18:30:20.046101	1	1
454	16	4	16	242.89	0.72867	10	10	2026-04-26 18:30:20.046101	1	1
455	16	5	16	316.87	0.95061	10	10	2026-04-26 18:30:20.046101	1	1
456	16	6	16	621.05	1.86315	10	10	2026-04-26 18:30:20.046101	1	1
457	16	7	16	346.21	1.03863	10	10	2026-04-26 18:30:20.046101	1	1
458	16	8	16	648379.22	1945.13766	10	10	2026-04-26 18:30:20.046101	1	1
459	16	9	16	813.26	2.43978	10	10	2026-04-26 18:30:20.046101	1	1
460	16	10	16	283.64	0.85092	10	10	2026-04-26 18:30:20.046101	1	1
461	16	11	16	119.54	0.35862	10	10	2026-04-26 18:30:20.046101	1	1
462	16	12	16	326.54	0.97962	10	10	2026-04-26 18:30:20.046101	1	1
463	16	13	16	284.68	0.85404	10	10	2026-04-26 18:30:20.046101	1	1
464	16	14	16	463.85	1.39155	10	10	2026-04-26 18:30:20.046101	1	1
465	16	15	16	309.04	0.92712	10	10	2026-04-26 18:30:20.046101	1	1
466	16	16	16	136.34	0.40902	10	10	2026-04-26 18:30:20.046101	1	1
467	16	17	16	930.28	2.79084	10	10	2026-04-26 18:30:20.046101	1	1
468	16	18	16	70.52	0.21156	10	10	2026-04-26 18:30:20.046101	1	1
469	16	19	16	143.02	0.42906	10	10	2026-04-26 18:30:20.046101	1	1
470	16	20	16	81.91	0.24573	10	10	2026-04-26 18:30:20.046101	1	1
471	16	21	16	225.82	0.67746	10	10	2026-04-26 18:30:20.046101	1	1
472	16	22	16	75.96	0.22788	10	10	2026-04-26 18:30:20.046101	1	1
473	16	23	16	85.06	0.25518	10	10	2026-04-26 18:30:20.046101	1	1
474	16	24	16	320.00	0.96000	10	10	2026-04-26 18:30:20.046101	1	1
475	16	25	16	136.96	0.41088	10	10	2026-04-26 18:30:20.046101	1	1
476	16	26	16	388.96	1.16688	10	10	2026-04-26 18:30:20.046101	1	1
477	16	27	16	174.63	0.52389	10	10	2026-04-26 18:30:20.046101	1	1
478	16	28	16	47.90	0.14370	10	10	2026-04-26 18:30:20.046101	1	1
479	16	29	16	852.78	2.55834	10	10	2026-04-26 18:30:20.046101	1	1
480	16	30	16	102.97	0.30891	10	10	2026-04-26 18:30:20.046101	1	1
481	17	1	17	248.04	0.74412	10	10	2026-04-26 18:30:20.046101	1	1
482	17	2	17	388.55	1.16565	10	10	2026-04-26 18:30:20.046101	1	1
483	17	3	17	190.59	0.57177	10	10	2026-04-26 18:30:20.046101	1	1
484	17	4	17	241.57	0.72471	10	10	2026-04-26 18:30:20.046101	1	1
485	17	5	17	315.14	0.94542	10	10	2026-04-26 18:30:20.046101	1	1
486	17	6	17	617.67	1.85301	10	10	2026-04-26 18:30:20.046101	1	1
487	17	7	17	344.33	1.03299	10	10	2026-04-26 18:30:20.046101	1	1
488	17	8	17	644855.42	1934.56626	10	10	2026-04-26 18:30:20.046101	1	1
489	17	9	17	808.84	2.42652	10	10	2026-04-26 18:30:20.046101	1	1
490	17	10	17	282.09	0.84627	10	10	2026-04-26 18:30:20.046101	1	1
491	17	11	17	118.90	0.35670	10	10	2026-04-26 18:30:20.046101	1	1
492	17	12	17	324.77	0.97431	10	10	2026-04-26 18:30:20.046101	1	1
493	17	13	17	283.14	0.84942	10	10	2026-04-26 18:30:20.046101	1	1
494	17	14	17	461.33	1.38399	10	10	2026-04-26 18:30:20.046101	1	1
495	17	15	17	307.36	0.92208	10	10	2026-04-26 18:30:20.046101	1	1
496	17	16	17	135.60	0.40680	10	10	2026-04-26 18:30:20.046101	1	1
497	17	17	17	925.22	2.77566	10	10	2026-04-26 18:30:20.046101	1	1
498	17	18	17	70.13	0.21039	10	10	2026-04-26 18:30:20.046101	1	1
499	17	19	17	142.25	0.42675	10	10	2026-04-26 18:30:20.046101	1	1
500	17	20	17	81.46	0.24438	10	10	2026-04-26 18:30:20.046101	1	1
501	17	21	17	224.60	0.67380	10	10	2026-04-26 18:30:20.046101	1	1
502	17	22	17	75.54	0.22662	10	10	2026-04-26 18:30:20.046101	1	1
503	17	23	17	84.60	0.25380	10	10	2026-04-26 18:30:20.046101	1	1
504	17	24	17	318.26	0.95478	10	10	2026-04-26 18:30:20.046101	1	1
505	17	25	17	136.22	0.40866	10	10	2026-04-26 18:30:20.046101	1	1
506	17	26	17	386.84	1.16052	10	10	2026-04-26 18:30:20.046101	1	1
507	17	27	17	173.69	0.52107	10	10	2026-04-26 18:30:20.046101	1	1
508	17	28	17	47.64	0.14292	10	10	2026-04-26 18:30:20.046101	1	1
509	17	29	17	848.14	2.54442	10	10	2026-04-26 18:30:20.046101	1	1
510	17	30	17	102.41	0.30723	10	10	2026-04-26 18:30:20.046101	1	1
511	18	1	18	246.68	0.74004	10	10	2026-04-26 18:30:20.046101	1	1
512	18	2	18	386.42	1.15926	10	10	2026-04-26 18:30:20.046101	1	1
513	18	3	18	189.54	0.56862	10	10	2026-04-26 18:30:20.046101	1	1
514	18	4	18	240.25	0.72075	10	10	2026-04-26 18:30:20.046101	1	1
515	18	5	18	313.42	0.94026	10	10	2026-04-26 18:30:20.046101	1	1
516	18	6	18	614.30	1.84290	10	10	2026-04-26 18:30:20.046101	1	1
517	18	7	18	342.45	1.02735	10	10	2026-04-26 18:30:20.046101	1	1
518	18	8	18	641331.62	1923.99486	10	10	2026-04-26 18:30:20.046101	1	1
519	18	9	18	804.42	2.41326	10	10	2026-04-26 18:30:20.046101	1	1
520	18	10	18	280.55	0.84165	10	10	2026-04-26 18:30:20.046101	1	1
521	18	11	18	118.25	0.35475	10	10	2026-04-26 18:30:20.046101	1	1
522	18	12	18	323.00	0.96900	10	10	2026-04-26 18:30:20.046101	1	1
523	18	13	18	281.59	0.84477	10	10	2026-04-26 18:30:20.046101	1	1
524	18	14	18	458.81	1.37643	10	10	2026-04-26 18:30:20.046101	1	1
525	18	15	18	305.68	0.91704	10	10	2026-04-26 18:30:20.046101	1	1
526	18	16	18	134.86	0.40458	10	10	2026-04-26 18:30:20.046101	1	1
527	18	17	18	920.16	2.76048	10	10	2026-04-26 18:30:20.046101	1	1
528	18	18	18	69.75	0.20925	10	10	2026-04-26 18:30:20.046101	1	1
529	18	19	18	141.47	0.42441	10	10	2026-04-26 18:30:20.046101	1	1
530	18	20	18	81.02	0.24306	10	10	2026-04-26 18:30:20.046101	1	1
531	18	21	18	223.37	0.67011	10	10	2026-04-26 18:30:20.046101	1	1
532	18	22	18	75.13	0.22539	10	10	2026-04-26 18:30:20.046101	1	1
533	18	23	18	84.14	0.25242	10	10	2026-04-26 18:30:20.046101	1	1
534	18	24	18	316.53	0.94959	10	10	2026-04-26 18:30:20.046101	1	1
535	18	25	18	135.47	0.40641	10	10	2026-04-26 18:30:20.046101	1	1
536	18	26	18	384.73	1.15419	10	10	2026-04-26 18:30:20.046101	1	1
537	18	27	18	172.74	0.51822	10	10	2026-04-26 18:30:20.046101	1	1
538	18	28	18	47.38	0.14214	10	10	2026-04-26 18:30:20.046101	1	1
539	18	29	18	843.51	2.53053	10	10	2026-04-26 18:30:20.046101	1	1
540	18	30	18	101.85	0.30555	10	10	2026-04-26 18:30:20.046101	1	1
541	19	1	19	245.33	0.73599	10	10	2026-04-26 18:30:20.046101	1	1
542	19	2	19	384.30	1.15290	10	10	2026-04-26 18:30:20.046101	1	1
543	19	3	19	188.50	0.56550	10	10	2026-04-26 18:30:20.046101	1	1
544	19	4	19	238.93	0.71679	10	10	2026-04-26 18:30:20.046101	1	1
545	19	5	19	311.70	0.93510	10	10	2026-04-26 18:30:20.046101	1	1
546	19	6	19	610.92	1.83276	10	10	2026-04-26 18:30:20.046101	1	1
547	19	7	19	340.57	1.02171	10	10	2026-04-26 18:30:20.046101	1	1
548	19	8	19	637807.82	1913.42346	10	10	2026-04-26 18:30:20.046101	1	1
549	19	9	19	800.00	2.40000	10	10	2026-04-26 18:30:20.046101	1	1
550	19	10	19	279.01	0.83703	10	10	2026-04-26 18:30:20.046101	1	1
551	19	11	19	117.60	0.35280	10	10	2026-04-26 18:30:20.046101	1	1
552	19	12	19	321.22	0.96366	10	10	2026-04-26 18:30:20.046101	1	1
553	19	13	19	280.04	0.84012	10	10	2026-04-26 18:30:20.046101	1	1
554	19	14	19	456.29	1.36887	10	10	2026-04-26 18:30:20.046101	1	1
555	19	15	19	304.00	0.91200	10	10	2026-04-26 18:30:20.046101	1	1
556	19	16	19	134.12	0.40236	10	10	2026-04-26 18:30:20.046101	1	1
557	19	17	19	915.11	2.74533	10	10	2026-04-26 18:30:20.046101	1	1
558	19	18	19	69.37	0.20811	10	10	2026-04-26 18:30:20.046101	1	1
559	19	19	19	140.69	0.42207	10	10	2026-04-26 18:30:20.046101	1	1
560	19	20	19	80.57	0.24171	10	10	2026-04-26 18:30:20.046101	1	1
561	19	21	19	222.14	0.66642	10	10	2026-04-26 18:30:20.046101	1	1
562	19	22	19	74.72	0.22416	10	10	2026-04-26 18:30:20.046101	1	1
563	19	23	19	83.68	0.25104	10	10	2026-04-26 18:30:20.046101	1	1
564	19	24	19	314.79	0.94437	10	10	2026-04-26 18:30:20.046101	1	1
565	19	25	19	134.73	0.40419	10	10	2026-04-26 18:30:20.046101	1	1
566	19	26	19	382.62	1.14786	10	10	2026-04-26 18:30:20.046101	1	1
567	19	27	19	171.79	0.51537	10	10	2026-04-26 18:30:20.046101	1	1
568	19	28	19	47.12	0.14136	10	10	2026-04-26 18:30:20.046101	1	1
569	19	29	19	838.87	2.51661	10	10	2026-04-26 18:30:20.046101	1	1
570	19	30	19	101.29	0.30387	10	10	2026-04-26 18:30:20.046101	1	1
571	20	1	20	243.97	0.73191	10	10	2026-04-26 18:30:20.046101	1	1
572	20	2	20	382.18	1.14654	10	10	2026-04-26 18:30:20.046101	1	1
573	20	3	20	187.46	0.56238	10	10	2026-04-26 18:30:20.046101	1	1
574	20	4	20	237.61	0.71283	10	10	2026-04-26 18:30:20.046101	1	1
575	20	5	20	309.98	0.92994	10	10	2026-04-26 18:30:20.046101	1	1
576	20	6	20	607.55	1.82265	10	10	2026-04-26 18:30:20.046101	1	1
577	20	7	20	338.69	1.01607	10	10	2026-04-26 18:30:20.046101	1	1
578	20	8	20	634284.02	1902.85206	10	10	2026-04-26 18:30:20.046101	1	1
579	20	9	20	795.58	2.38674	10	10	2026-04-26 18:30:20.046101	1	1
580	20	10	20	277.47	0.83241	10	10	2026-04-26 18:30:20.046101	1	1
581	20	11	20	116.95	0.35085	10	10	2026-04-26 18:30:20.046101	1	1
582	20	12	20	319.45	0.95835	10	10	2026-04-26 18:30:20.046101	1	1
583	20	13	20	278.50	0.83550	10	10	2026-04-26 18:30:20.046101	1	1
584	20	14	20	453.77	1.36131	10	10	2026-04-26 18:30:20.046101	1	1
585	20	15	20	302.32	0.90696	10	10	2026-04-26 18:30:20.046101	1	1
586	20	16	20	133.38	0.40014	10	10	2026-04-26 18:30:20.046101	1	1
587	20	17	20	910.05	2.73015	10	10	2026-04-26 18:30:20.046101	1	1
588	20	18	20	68.99	0.20697	10	10	2026-04-26 18:30:20.046101	1	1
589	20	19	20	139.91	0.41973	10	10	2026-04-26 18:30:20.046101	1	1
590	20	20	20	80.13	0.24039	10	10	2026-04-26 18:30:20.046101	1	1
591	20	21	20	220.91	0.66273	10	10	2026-04-26 18:30:20.046101	1	1
592	20	22	20	74.30	0.22290	10	10	2026-04-26 18:30:20.046101	1	1
593	20	23	20	83.21	0.24963	10	10	2026-04-26 18:30:20.046101	1	1
594	20	24	20	313.05	0.93915	10	10	2026-04-26 18:30:20.046101	1	1
595	20	25	20	133.98	0.40194	10	10	2026-04-26 18:30:20.046101	1	1
596	20	26	20	380.50	1.14150	10	10	2026-04-26 18:30:20.046101	1	1
597	20	27	20	170.84	0.51252	10	10	2026-04-26 18:30:20.046101	1	1
598	20	28	20	46.86	0.14058	10	10	2026-04-26 18:30:20.046101	1	1
599	20	29	20	834.24	2.50272	10	10	2026-04-26 18:30:20.046101	1	1
600	20	30	20	100.73	0.30219	10	10	2026-04-26 18:30:20.046101	1	1
601	21	1	21	242.62	0.72786	10	10	2026-04-26 18:30:20.046101	1	1
602	21	2	21	380.05	1.14015	10	10	2026-04-26 18:30:20.046101	1	1
603	21	3	21	186.42	0.55926	10	10	2026-04-26 18:30:20.046101	1	1
604	21	4	21	236.29	0.70887	10	10	2026-04-26 18:30:20.046101	1	1
605	21	5	21	308.26	0.92478	10	10	2026-04-26 18:30:20.046101	1	1
606	21	6	21	604.17	1.81251	10	10	2026-04-26 18:30:20.046101	1	1
607	21	7	21	336.81	1.01043	10	10	2026-04-26 18:30:20.046101	1	1
608	21	8	21	630760.22	1892.28066	10	10	2026-04-26 18:30:20.046101	1	1
609	21	9	21	791.16	2.37348	10	10	2026-04-26 18:30:20.046101	1	1
610	21	10	21	275.93	0.82779	10	10	2026-04-26 18:30:20.046101	1	1
611	21	11	21	116.30	0.34890	10	10	2026-04-26 18:30:20.046101	1	1
612	21	12	21	317.67	0.95301	10	10	2026-04-26 18:30:20.046101	1	1
613	21	13	21	276.95	0.83085	10	10	2026-04-26 18:30:20.046101	1	1
614	21	14	21	451.25	1.35375	10	10	2026-04-26 18:30:20.046101	1	1
615	21	15	21	300.64	0.90192	10	10	2026-04-26 18:30:20.046101	1	1
616	21	16	21	132.64	0.39792	10	10	2026-04-26 18:30:20.046101	1	1
617	21	17	21	905.00	2.71500	10	10	2026-04-26 18:30:20.046101	1	1
618	21	18	21	68.60	0.20580	10	10	2026-04-26 18:30:20.046101	1	1
619	21	19	21	139.14	0.41742	10	10	2026-04-26 18:30:20.046101	1	1
620	21	20	21	79.68	0.23904	10	10	2026-04-26 18:30:20.046101	1	1
621	21	21	21	219.69	0.65907	10	10	2026-04-26 18:30:20.046101	1	1
622	21	22	21	73.89	0.22167	10	10	2026-04-26 18:30:20.046101	1	1
623	21	23	21	82.75	0.24825	10	10	2026-04-26 18:30:20.046101	1	1
624	21	24	21	311.31	0.93393	10	10	2026-04-26 18:30:20.046101	1	1
625	21	25	21	133.24	0.39972	10	10	2026-04-26 18:30:20.046101	1	1
626	21	26	21	378.39	1.13517	10	10	2026-04-26 18:30:20.046101	1	1
627	21	27	21	169.89	0.50967	10	10	2026-04-26 18:30:20.046101	1	1
628	21	28	21	46.60	0.13980	10	10	2026-04-26 18:30:20.046101	1	1
629	21	29	21	829.60	2.48880	10	10	2026-04-26 18:30:20.046101	1	1
630	21	30	21	100.17	0.30051	10	10	2026-04-26 18:30:20.046101	1	1
631	22	1	22	241.26	0.72378	10	10	2026-04-26 18:30:20.046101	1	1
632	22	2	22	377.93	1.13379	10	10	2026-04-26 18:30:20.046101	1	1
633	22	3	22	185.38	0.55614	10	10	2026-04-26 18:30:20.046101	1	1
634	22	4	22	234.97	0.70491	10	10	2026-04-26 18:30:20.046101	1	1
635	22	5	22	306.53	0.91959	10	10	2026-04-26 18:30:20.046101	1	1
636	22	6	22	600.79	1.80237	10	10	2026-04-26 18:30:20.046101	1	1
637	22	7	22	334.92	1.00476	10	10	2026-04-26 18:30:20.046101	1	1
638	22	8	22	627236.42	1881.70926	10	10	2026-04-26 18:30:20.046101	1	1
639	22	9	22	786.74	2.36022	10	10	2026-04-26 18:30:20.046101	1	1
640	22	10	22	274.39	0.82317	10	10	2026-04-26 18:30:20.046101	1	1
641	22	11	22	115.65	0.34695	10	10	2026-04-26 18:30:20.046101	1	1
642	22	12	22	315.90	0.94770	10	10	2026-04-26 18:30:20.046101	1	1
643	22	13	22	275.40	0.82620	10	10	2026-04-26 18:30:20.046101	1	1
644	22	14	22	448.73	1.34619	10	10	2026-04-26 18:30:20.046101	1	1
645	22	15	22	298.96	0.89688	10	10	2026-04-26 18:30:20.046101	1	1
646	22	16	22	131.90	0.39570	10	10	2026-04-26 18:30:20.046101	1	1
647	22	17	22	899.94	2.69982	10	10	2026-04-26 18:30:20.046101	1	1
648	22	18	22	68.22	0.20466	10	10	2026-04-26 18:30:20.046101	1	1
649	22	19	22	138.36	0.41508	10	10	2026-04-26 18:30:20.046101	1	1
650	22	20	22	79.24	0.23772	10	10	2026-04-26 18:30:20.046101	1	1
651	22	21	22	218.46	0.65538	10	10	2026-04-26 18:30:20.046101	1	1
652	22	22	22	73.48	0.22044	10	10	2026-04-26 18:30:20.046101	1	1
653	22	23	22	82.29	0.24687	10	10	2026-04-26 18:30:20.046101	1	1
654	22	24	22	309.57	0.92871	10	10	2026-04-26 18:30:20.046101	1	1
655	22	25	22	132.49	0.39747	10	10	2026-04-26 18:30:20.046101	1	1
656	22	26	22	376.27	1.12881	10	10	2026-04-26 18:30:20.046101	1	1
657	22	27	22	168.94	0.50682	10	10	2026-04-26 18:30:20.046101	1	1
658	22	28	22	46.34	0.13902	10	10	2026-04-26 18:30:20.046101	1	1
659	22	29	22	824.97	2.47491	10	10	2026-04-26 18:30:20.046101	1	1
660	22	30	22	99.61	0.29883	10	10	2026-04-26 18:30:20.046101	1	1
661	23	1	23	239.91	0.71973	10	10	2026-04-26 18:30:20.046101	1	1
662	23	2	23	375.81	1.12743	10	10	2026-04-26 18:30:20.046101	1	1
663	23	3	23	184.34	0.55302	10	10	2026-04-26 18:30:20.046101	1	1
664	23	4	23	233.65	0.70095	10	10	2026-04-26 18:30:20.046101	1	1
665	23	5	23	304.81	0.91443	10	10	2026-04-26 18:30:20.046101	1	1
666	23	6	23	597.42	1.79226	10	10	2026-04-26 18:30:20.046101	1	1
667	23	7	23	333.04	0.99912	10	10	2026-04-26 18:30:20.046101	1	1
668	23	8	23	623712.62	1871.13786	10	10	2026-04-26 18:30:20.046101	1	1
669	23	9	23	782.32	2.34696	10	10	2026-04-26 18:30:20.046101	1	1
670	23	10	23	272.85	0.81855	10	10	2026-04-26 18:30:20.046101	1	1
671	23	11	23	115.00	0.34500	10	10	2026-04-26 18:30:20.046101	1	1
672	23	12	23	314.12	0.94236	10	10	2026-04-26 18:30:20.046101	1	1
673	23	13	23	273.85	0.82155	10	10	2026-04-26 18:30:20.046101	1	1
674	23	14	23	446.21	1.33863	10	10	2026-04-26 18:30:20.046101	1	1
675	23	15	23	297.28	0.89184	10	10	2026-04-26 18:30:20.046101	1	1
676	23	16	23	131.16	0.39348	10	10	2026-04-26 18:30:20.046101	1	1
677	23	17	23	894.89	2.68467	10	10	2026-04-26 18:30:20.046101	1	1
678	23	18	23	67.84	0.20352	10	10	2026-04-26 18:30:20.046101	1	1
679	23	19	23	137.58	0.41274	10	10	2026-04-26 18:30:20.046101	1	1
680	23	20	23	78.79	0.23637	10	10	2026-04-26 18:30:20.046101	1	1
681	23	21	23	217.23	0.65169	10	10	2026-04-26 18:30:20.046101	1	1
682	23	22	23	73.07	0.21921	10	10	2026-04-26 18:30:20.046101	1	1
683	23	23	23	81.83	0.24549	10	10	2026-04-26 18:30:20.046101	1	1
684	23	24	23	307.83	0.92349	10	10	2026-04-26 18:30:20.046101	1	1
685	23	25	23	131.75	0.39525	10	10	2026-04-26 18:30:20.046101	1	1
686	23	26	23	374.16	1.12248	10	10	2026-04-26 18:30:20.046101	1	1
687	23	27	23	167.99	0.50397	10	10	2026-04-26 18:30:20.046101	1	1
688	23	28	23	46.08	0.13824	10	10	2026-04-26 18:30:20.046101	1	1
689	23	29	23	820.33	2.46099	10	10	2026-04-26 18:30:20.046101	1	1
690	23	30	23	99.05	0.29715	10	10	2026-04-26 18:30:20.046101	1	1
691	24	1	24	238.55	0.71565	10	10	2026-04-26 18:30:20.046101	1	1
692	24	2	24	373.68	1.12104	10	10	2026-04-26 18:30:20.046101	1	1
693	24	3	24	183.30	0.54990	10	10	2026-04-26 18:30:20.046101	1	1
694	24	4	24	232.33	0.69699	10	10	2026-04-26 18:30:20.046101	1	1
695	24	5	24	303.09	0.90927	10	10	2026-04-26 18:30:20.046101	1	1
696	24	6	24	594.04	1.78212	10	10	2026-04-26 18:30:20.046101	1	1
697	24	7	24	331.16	0.99348	10	10	2026-04-26 18:30:20.046101	1	1
698	24	8	24	620188.82	1860.56646	10	10	2026-04-26 18:30:20.046101	1	1
699	24	9	24	777.90	2.33370	10	10	2026-04-26 18:30:20.046101	1	1
700	24	10	24	271.30	0.81390	10	10	2026-04-26 18:30:20.046101	1	1
701	24	11	24	114.35	0.34305	10	10	2026-04-26 18:30:20.046101	1	1
702	24	12	24	312.35	0.93705	10	10	2026-04-26 18:30:20.046101	1	1
703	24	13	24	272.31	0.81693	10	10	2026-04-26 18:30:20.046101	1	1
704	24	14	24	443.69	1.33107	10	10	2026-04-26 18:30:20.046101	1	1
705	24	15	24	295.60	0.88680	10	10	2026-04-26 18:30:20.046101	1	1
706	24	16	24	130.42	0.39126	10	10	2026-04-26 18:30:20.046101	1	1
707	24	17	24	889.83	2.66949	10	10	2026-04-26 18:30:20.046101	1	1
708	24	18	24	67.45	0.20235	10	10	2026-04-26 18:30:20.046101	1	1
709	24	19	24	136.80	0.41040	10	10	2026-04-26 18:30:20.046101	1	1
710	24	20	24	78.35	0.23505	10	10	2026-04-26 18:30:20.046101	1	1
711	24	21	24	216.00	0.64800	10	10	2026-04-26 18:30:20.046101	1	1
712	24	22	24	72.65	0.21795	10	10	2026-04-26 18:30:20.046101	1	1
713	24	23	24	81.36	0.24408	10	10	2026-04-26 18:30:20.046101	1	1
714	24	24	24	306.09	0.91827	10	10	2026-04-26 18:30:20.046101	1	1
715	24	25	24	131.01	0.39303	10	10	2026-04-26 18:30:20.046101	1	1
716	24	26	24	372.05	1.11615	10	10	2026-04-26 18:30:20.046101	1	1
717	24	27	24	167.04	0.50112	10	10	2026-04-26 18:30:20.046101	1	1
718	24	28	24	45.82	0.13746	10	10	2026-04-26 18:30:20.046101	1	1
719	24	29	24	815.70	2.44710	10	10	2026-04-26 18:30:20.046101	1	1
720	24	30	24	98.49	0.29547	10	10	2026-04-26 18:30:20.046101	1	1
721	25	1	25	237.20	0.71160	10	10	2026-04-26 18:30:20.046101	1	1
722	25	2	25	371.56	1.11468	10	10	2026-04-26 18:30:20.046101	1	1
723	25	3	25	182.25	0.54675	10	10	2026-04-26 18:30:20.046101	1	1
724	25	4	25	231.01	0.69303	10	10	2026-04-26 18:30:20.046101	1	1
725	25	5	25	301.37	0.90411	10	10	2026-04-26 18:30:20.046101	1	1
726	25	6	25	590.67	1.77201	10	10	2026-04-26 18:30:20.046101	1	1
727	25	7	25	329.28	0.98784	10	10	2026-04-26 18:30:20.046101	1	1
728	25	8	25	616665.02	1849.99506	10	10	2026-04-26 18:30:20.046101	1	1
729	25	9	25	773.48	2.32044	10	10	2026-04-26 18:30:20.046101	1	1
730	25	10	25	269.76	0.80928	10	10	2026-04-26 18:30:20.046101	1	1
731	25	11	25	113.70	0.34110	10	10	2026-04-26 18:30:20.046101	1	1
732	25	12	25	310.57	0.93171	10	10	2026-04-26 18:30:20.046101	1	1
733	25	13	25	270.76	0.81228	10	10	2026-04-26 18:30:20.046101	1	1
734	25	14	25	441.17	1.32351	10	10	2026-04-26 18:30:20.046101	1	1
735	25	15	25	293.92	0.88176	10	10	2026-04-26 18:30:20.046101	1	1
736	25	16	25	129.68	0.38904	10	10	2026-04-26 18:30:20.046101	1	1
737	25	17	25	884.77	2.65431	10	10	2026-04-26 18:30:20.046101	1	1
738	25	18	25	67.07	0.20121	10	10	2026-04-26 18:30:20.046101	1	1
739	25	19	25	136.03	0.40809	10	10	2026-04-26 18:30:20.046101	1	1
740	25	20	25	77.90	0.23370	10	10	2026-04-26 18:30:20.046101	1	1
741	25	21	25	214.78	0.64434	10	10	2026-04-26 18:30:20.046101	1	1
742	25	22	25	72.24	0.21672	10	10	2026-04-26 18:30:20.046101	1	1
743	25	23	25	80.90	0.24270	10	10	2026-04-26 18:30:20.046101	1	1
744	25	24	25	304.35	0.91305	10	10	2026-04-26 18:30:20.046101	1	1
745	25	25	25	130.26	0.39078	10	10	2026-04-26 18:30:20.046101	1	1
746	25	26	25	369.93	1.10979	10	10	2026-04-26 18:30:20.046101	1	1
747	25	27	25	166.09	0.49827	10	10	2026-04-26 18:30:20.046101	1	1
748	25	28	25	45.56	0.13668	10	10	2026-04-26 18:30:20.046101	1	1
749	25	29	25	811.06	2.43318	10	10	2026-04-26 18:30:20.046101	1	1
750	25	30	25	97.93	0.29379	10	10	2026-04-26 18:30:20.046101	1	1
751	26	1	26	235.84	0.70752	10	10	2026-04-26 18:30:20.046101	1	1
752	26	2	26	369.44	1.10832	10	10	2026-04-26 18:30:20.046101	1	1
753	26	3	26	181.21	0.54363	10	10	2026-04-26 18:30:20.046101	1	1
754	26	4	26	229.69	0.68907	10	10	2026-04-26 18:30:20.046101	1	1
755	26	5	26	299.65	0.89895	10	10	2026-04-26 18:30:20.046101	1	1
756	26	6	26	587.29	1.76187	10	10	2026-04-26 18:30:20.046101	1	1
757	26	7	26	327.40	0.98220	10	10	2026-04-26 18:30:20.046101	1	1
758	26	8	26	613141.22	1839.42366	10	10	2026-04-26 18:30:20.046101	1	1
759	26	9	26	769.06	2.30718	10	10	2026-04-26 18:30:20.046101	1	1
760	26	10	26	268.22	0.80466	10	10	2026-04-26 18:30:20.046101	1	1
761	26	11	26	113.05	0.33915	10	10	2026-04-26 18:30:20.046101	1	1
762	26	12	26	308.80	0.92640	10	10	2026-04-26 18:30:20.046101	1	1
763	26	13	26	269.21	0.80763	10	10	2026-04-26 18:30:20.046101	1	1
764	26	14	26	438.65	1.31595	10	10	2026-04-26 18:30:20.046101	1	1
765	26	15	26	292.24	0.87672	10	10	2026-04-26 18:30:20.046101	1	1
766	26	16	26	128.93	0.38679	10	10	2026-04-26 18:30:20.046101	1	1
767	26	17	26	879.72	2.63916	10	10	2026-04-26 18:30:20.046101	1	1
768	26	18	26	66.69	0.20007	10	10	2026-04-26 18:30:20.046101	1	1
769	26	19	26	135.25	0.40575	10	10	2026-04-26 18:30:20.046101	1	1
770	26	20	26	77.46	0.23238	10	10	2026-04-26 18:30:20.046101	1	1
771	26	21	26	213.55	0.64065	10	10	2026-04-26 18:30:20.046101	1	1
772	26	22	26	71.83	0.21549	10	10	2026-04-26 18:30:20.046101	1	1
773	26	23	26	80.44	0.24132	10	10	2026-04-26 18:30:20.046101	1	1
774	26	24	26	302.61	0.90783	10	10	2026-04-26 18:30:20.046101	1	1
775	26	25	26	129.52	0.38856	10	10	2026-04-26 18:30:20.046101	1	1
776	26	26	26	367.82	1.10346	10	10	2026-04-26 18:30:20.046101	1	1
777	26	27	26	165.14	0.49542	10	10	2026-04-26 18:30:20.046101	1	1
778	26	28	26	45.30	0.13590	10	10	2026-04-26 18:30:20.046101	1	1
779	26	29	26	806.43	2.41929	10	10	2026-04-26 18:30:20.046101	1	1
780	26	30	26	97.37	0.29211	10	10	2026-04-26 18:30:20.046101	1	1
781	27	1	27	234.48	0.70344	10	10	2026-04-26 18:30:20.046101	1	1
782	27	2	27	367.31	1.10193	10	10	2026-04-26 18:30:20.046101	1	1
783	27	3	27	180.17	0.54051	10	10	2026-04-26 18:30:20.046101	1	1
784	27	4	27	228.37	0.68511	10	10	2026-04-26 18:30:20.046101	1	1
785	27	5	27	297.92	0.89376	10	10	2026-04-26 18:30:20.046101	1	1
786	27	6	27	583.92	1.75176	10	10	2026-04-26 18:30:20.046101	1	1
787	27	7	27	325.52	0.97656	10	10	2026-04-26 18:30:20.046101	1	1
788	27	8	27	609617.42	1828.85226	10	10	2026-04-26 18:30:20.046101	1	1
789	27	9	27	764.64	2.29392	10	10	2026-04-26 18:30:20.046101	1	1
790	27	10	27	266.68	0.80004	10	10	2026-04-26 18:30:20.046101	1	1
791	27	11	27	112.40	0.33720	10	10	2026-04-26 18:30:20.046101	1	1
792	27	12	27	307.02	0.92106	10	10	2026-04-26 18:30:20.046101	1	1
793	27	13	27	267.67	0.80301	10	10	2026-04-26 18:30:20.046101	1	1
794	27	14	27	436.12	1.30836	10	10	2026-04-26 18:30:20.046101	1	1
795	27	15	27	290.56	0.87168	10	10	2026-04-26 18:30:20.046101	1	1
796	27	16	27	128.19	0.38457	10	10	2026-04-26 18:30:20.046101	1	1
797	27	17	27	874.66	2.62398	10	10	2026-04-26 18:30:20.046101	1	1
798	27	18	27	66.30	0.19890	10	10	2026-04-26 18:30:20.046101	1	1
799	27	19	27	134.47	0.40341	10	10	2026-04-26 18:30:20.046101	1	1
800	27	20	27	77.01	0.23103	10	10	2026-04-26 18:30:20.046101	1	1
801	27	21	27	212.32	0.63696	10	10	2026-04-26 18:30:20.046101	1	1
802	27	22	27	71.41	0.21423	10	10	2026-04-26 18:30:20.046101	1	1
803	27	23	27	79.98	0.23994	10	10	2026-04-26 18:30:20.046101	1	1
804	27	24	27	300.87	0.90261	10	10	2026-04-26 18:30:20.046101	1	1
805	27	25	27	128.77	0.38631	10	10	2026-04-26 18:30:20.046101	1	1
806	27	26	27	365.70	1.09710	10	10	2026-04-26 18:30:20.046101	1	1
807	27	27	27	164.19	0.49257	10	10	2026-04-26 18:30:20.046101	1	1
808	27	28	27	45.04	0.13512	10	10	2026-04-26 18:30:20.046101	1	1
809	27	29	27	801.79	2.40537	10	10	2026-04-26 18:30:20.046101	1	1
810	27	30	27	96.81	0.29043	10	10	2026-04-26 18:30:20.046101	1	1
811	28	1	28	233.13	0.69939	10	10	2026-04-26 18:30:20.046101	1	1
812	28	2	28	365.19	1.09557	10	10	2026-04-26 18:30:20.046101	1	1
813	28	3	28	179.13	0.53739	10	10	2026-04-26 18:30:20.046101	1	1
814	28	4	28	227.05	0.68115	10	10	2026-04-26 18:30:20.046101	1	1
815	28	5	28	296.20	0.88860	10	10	2026-04-26 18:30:20.046101	1	1
816	28	6	28	580.54	1.74162	10	10	2026-04-26 18:30:20.046101	1	1
817	28	7	28	323.64	0.97092	10	10	2026-04-26 18:30:20.046101	1	1
818	28	8	28	606093.62	1818.28086	10	10	2026-04-26 18:30:20.046101	1	1
819	28	9	28	760.22	2.28066	10	10	2026-04-26 18:30:20.046101	1	1
820	28	10	28	265.14	0.79542	10	10	2026-04-26 18:30:20.046101	1	1
821	28	11	28	111.75	0.33525	10	10	2026-04-26 18:30:20.046101	1	1
822	28	12	28	305.25	0.91575	10	10	2026-04-26 18:30:20.046101	1	1
823	28	13	28	266.12	0.79836	10	10	2026-04-26 18:30:20.046101	1	1
824	28	14	28	433.60	1.30080	10	10	2026-04-26 18:30:20.046101	1	1
825	28	15	28	288.88	0.86664	10	10	2026-04-26 18:30:20.046101	1	1
826	28	16	28	127.45	0.38235	10	10	2026-04-26 18:30:20.046101	1	1
827	28	17	28	869.61	2.60883	10	10	2026-04-26 18:30:20.046101	1	1
828	28	18	28	65.92	0.19776	10	10	2026-04-26 18:30:20.046101	1	1
829	28	19	28	133.70	0.40110	10	10	2026-04-26 18:30:20.046101	1	1
830	28	20	28	76.57	0.22971	10	10	2026-04-26 18:30:20.046101	1	1
831	28	21	28	211.10	0.63330	10	10	2026-04-26 18:30:20.046101	1	1
832	28	22	28	71.00	0.21300	10	10	2026-04-26 18:30:20.046101	1	1
833	28	23	28	79.52	0.23856	10	10	2026-04-26 18:30:20.046101	1	1
834	28	24	28	299.13	0.89739	10	10	2026-04-26 18:30:20.046101	1	1
835	28	25	28	128.03	0.38409	10	10	2026-04-26 18:30:20.046101	1	1
836	28	26	28	363.59	1.09077	10	10	2026-04-26 18:30:20.046101	1	1
837	28	27	28	163.25	0.48975	10	10	2026-04-26 18:30:20.046101	1	1
838	28	28	28	44.78	0.13434	10	10	2026-04-26 18:30:20.046101	1	1
839	28	29	28	797.16	2.39148	10	10	2026-04-26 18:30:20.046101	1	1
840	28	30	28	96.25	0.28875	10	10	2026-04-26 18:30:20.046101	1	1
841	29	1	29	231.77	0.69531	10	10	2026-04-26 18:30:20.046101	1	1
842	29	2	29	363.07	1.08921	10	10	2026-04-26 18:30:20.046101	1	1
843	29	3	29	178.09	0.53427	10	10	2026-04-26 18:30:20.046101	1	1
844	29	4	29	225.73	0.67719	10	10	2026-04-26 18:30:20.046101	1	1
845	29	5	29	294.48	0.88344	10	10	2026-04-26 18:30:20.046101	1	1
846	29	6	29	577.17	1.73151	10	10	2026-04-26 18:30:20.046101	1	1
847	29	7	29	321.75	0.96525	10	10	2026-04-26 18:30:20.046101	1	1
848	29	8	29	602569.82	1807.70946	10	10	2026-04-26 18:30:20.046101	1	1
849	29	9	29	755.80	2.26740	10	10	2026-04-26 18:30:20.046101	1	1
850	29	10	29	263.60	0.79080	10	10	2026-04-26 18:30:20.046101	1	1
851	29	11	29	111.10	0.33330	10	10	2026-04-26 18:30:20.046101	1	1
852	29	12	29	303.47	0.91041	10	10	2026-04-26 18:30:20.046101	1	1
853	29	13	29	264.57	0.79371	10	10	2026-04-26 18:30:20.046101	1	1
854	29	14	29	431.08	1.29324	10	10	2026-04-26 18:30:20.046101	1	1
855	29	15	29	287.20	0.86160	10	10	2026-04-26 18:30:20.046101	1	1
856	29	16	29	126.71	0.38013	10	10	2026-04-26 18:30:20.046101	1	1
857	29	17	29	864.55	2.59365	10	10	2026-04-26 18:30:20.046101	1	1
858	29	18	29	65.54	0.19662	10	10	2026-04-26 18:30:20.046101	1	1
859	29	19	29	132.92	0.39876	10	10	2026-04-26 18:30:20.046101	1	1
860	29	20	29	76.12	0.22836	10	10	2026-04-26 18:30:20.046101	1	1
861	29	21	29	209.87	0.62961	10	10	2026-04-26 18:30:20.046101	1	1
862	29	22	29	70.59	0.21177	10	10	2026-04-26 18:30:20.046101	1	1
863	29	23	29	79.05	0.23715	10	10	2026-04-26 18:30:20.046101	1	1
864	29	24	29	297.39	0.89217	10	10	2026-04-26 18:30:20.046101	1	1
865	29	25	29	127.28	0.38184	10	10	2026-04-26 18:30:20.046101	1	1
866	29	26	29	361.48	1.08444	10	10	2026-04-26 18:30:20.046101	1	1
867	29	27	29	162.30	0.48690	10	10	2026-04-26 18:30:20.046101	1	1
868	29	28	29	44.52	0.13356	10	10	2026-04-26 18:30:20.046101	1	1
869	29	29	29	792.53	2.37759	10	10	2026-04-26 18:30:20.046101	1	1
870	29	30	29	95.69	0.28707	10	10	2026-04-26 18:30:20.046101	1	1
871	30	1	30	230.42	0.69126	10	10	2026-04-26 18:30:20.046101	1	1
872	30	2	30	360.94	1.08282	10	10	2026-04-26 18:30:20.046101	1	1
873	30	3	30	177.05	0.53115	10	10	2026-04-26 18:30:20.046101	1	1
874	30	4	30	224.41	0.67323	10	10	2026-04-26 18:30:20.046101	1	1
875	30	5	30	292.76	0.87828	10	10	2026-04-26 18:30:20.046101	1	1
876	30	6	30	573.79	1.72137	10	10	2026-04-26 18:30:20.046101	1	1
877	30	7	30	319.87	0.95961	10	10	2026-04-26 18:30:20.046101	1	1
878	30	8	30	599046.02	1797.13806	10	10	2026-04-26 18:30:20.046101	1	1
879	30	9	30	751.38	2.25414	10	10	2026-04-26 18:30:20.046101	1	1
880	30	10	30	262.06	0.78618	10	10	2026-04-26 18:30:20.046101	1	1
881	30	11	30	110.45	0.33135	10	10	2026-04-26 18:30:20.046101	1	1
882	30	12	30	301.70	0.90510	10	10	2026-04-26 18:30:20.046101	1	1
883	30	13	30	263.02	0.78906	10	10	2026-04-26 18:30:20.046101	1	1
884	30	14	30	428.56	1.28568	10	10	2026-04-26 18:30:20.046101	1	1
885	30	15	30	285.52	0.85656	10	10	2026-04-26 18:30:20.046101	1	1
886	30	16	30	125.97	0.37791	10	10	2026-04-26 18:30:20.046101	1	1
887	30	17	30	859.49	2.57847	10	10	2026-04-26 18:30:20.046101	1	1
888	30	18	30	65.15	0.19545	10	10	2026-04-26 18:30:20.046101	1	1
889	30	19	30	132.14	0.39642	10	10	2026-04-26 18:30:20.046101	1	1
890	30	20	30	75.68	0.22704	10	10	2026-04-26 18:30:20.046101	1	1
891	30	21	30	208.64	0.62592	10	10	2026-04-26 18:30:20.046101	1	1
892	30	22	30	70.18	0.21054	10	10	2026-04-26 18:30:20.046101	1	1
893	30	23	30	78.59	0.23577	10	10	2026-04-26 18:30:20.046101	1	1
894	30	24	30	295.66	0.88698	10	10	2026-04-26 18:30:20.046101	1	1
895	30	25	30	126.54	0.37962	10	10	2026-04-26 18:30:20.046101	1	1
896	30	26	30	359.36	1.07808	10	10	2026-04-26 18:30:20.046101	1	1
897	30	27	30	161.35	0.48405	10	10	2026-04-26 18:30:20.046101	1	1
898	30	28	30	44.26	0.13278	10	10	2026-04-26 18:30:20.046101	1	1
899	30	29	30	787.89	2.36367	10	10	2026-04-26 18:30:20.046101	1	1
900	30	30	30	95.13	0.28539	10	10	2026-04-26 18:30:20.046101	1	1
901	1	1	1	271.08	0.81324	10	10	2026-04-26 18:30:20.046101	2	1
902	1	2	1	424.64	1.27392	10	10	2026-04-26 18:30:20.046101	2	1
903	1	3	1	208.29	0.62487	10	10	2026-04-26 18:30:20.046101	2	1
904	1	4	1	264.01	0.79203	10	10	2026-04-26 18:30:20.046101	2	1
905	1	5	1	344.42	1.03326	10	10	2026-04-26 18:30:20.046101	2	1
906	1	6	1	675.05	2.02515	10	10	2026-04-26 18:30:20.046101	2	1
907	1	7	1	376.32	1.12896	10	10	2026-04-26 18:30:20.046101	2	1
908	1	8	1	704760.02	2114.28006	10	10	2026-04-26 18:30:20.046101	2	1
909	1	9	1	883.98	2.65194	10	10	2026-04-26 18:30:20.046101	2	1
910	1	10	1	308.30	0.92490	10	10	2026-04-26 18:30:20.046101	2	1
911	1	11	1	129.94	0.38982	10	10	2026-04-26 18:30:20.046101	2	1
912	1	12	1	354.94	1.06482	10	10	2026-04-26 18:30:20.046101	2	1
913	1	13	1	309.44	0.92832	10	10	2026-04-26 18:30:20.046101	2	1
914	1	14	1	504.19	1.51257	10	10	2026-04-26 18:30:20.046101	2	1
915	1	15	1	335.91	1.00773	10	10	2026-04-26 18:30:20.046101	2	1
916	1	16	1	148.20	0.44460	10	10	2026-04-26 18:30:20.046101	2	1
917	1	17	1	1011.17	3.03351	10	10	2026-04-26 18:30:20.046101	2	1
918	1	18	1	76.65	0.22995	10	10	2026-04-26 18:30:20.046101	2	1
919	1	19	1	155.46	0.46638	10	10	2026-04-26 18:30:20.046101	2	1
920	1	20	1	89.03	0.26709	10	10	2026-04-26 18:30:20.046101	2	1
921	1	21	1	245.46	0.73638	10	10	2026-04-26 18:30:20.046101	2	1
922	1	22	1	82.56	0.24768	10	10	2026-04-26 18:30:20.046101	2	1
923	1	23	1	92.46	0.27738	10	10	2026-04-26 18:30:20.046101	2	1
924	1	24	1	347.83	1.04349	10	10	2026-04-26 18:30:20.046101	2	1
925	1	25	1	148.87	0.44661	10	10	2026-04-26 18:30:20.046101	2	1
926	1	26	1	422.78	1.26834	10	10	2026-04-26 18:30:20.046101	2	1
927	1	27	1	189.82	0.56946	10	10	2026-04-26 18:30:20.046101	2	1
928	1	28	1	52.07	0.15621	10	10	2026-04-26 18:30:20.046101	2	1
929	1	29	1	926.93	2.78079	10	10	2026-04-26 18:30:20.046101	2	1
930	1	30	1	111.92	0.33576	10	10	2026-04-26 18:30:20.046101	2	1
931	2	1	2	272.44	0.81732	10	10	2026-04-26 18:30:20.046101	2	1
932	2	2	2	426.76	1.28028	10	10	2026-04-26 18:30:20.046101	2	1
933	2	3	2	209.33	0.62799	10	10	2026-04-26 18:30:20.046101	2	1
934	2	4	2	265.33	0.79599	10	10	2026-04-26 18:30:20.046101	2	1
935	2	5	2	346.14	1.03842	10	10	2026-04-26 18:30:20.046101	2	1
936	2	6	2	678.43	2.03529	10	10	2026-04-26 18:30:20.046101	2	1
937	2	7	2	378.20	1.13460	10	10	2026-04-26 18:30:20.046101	2	1
938	2	8	2	708283.82	2124.85146	10	10	2026-04-26 18:30:20.046101	2	1
939	2	9	2	888.40	2.66520	10	10	2026-04-26 18:30:20.046101	2	1
940	2	10	2	309.84	0.92952	10	10	2026-04-26 18:30:20.046101	2	1
941	2	11	2	130.59	0.39177	10	10	2026-04-26 18:30:20.046101	2	1
942	2	12	2	356.71	1.07013	10	10	2026-04-26 18:30:20.046101	2	1
943	2	13	2	310.99	0.93297	10	10	2026-04-26 18:30:20.046101	2	1
944	2	14	2	506.71	1.52013	10	10	2026-04-26 18:30:20.046101	2	1
945	2	15	2	337.59	1.01277	10	10	2026-04-26 18:30:20.046101	2	1
946	2	16	2	148.94	0.44682	10	10	2026-04-26 18:30:20.046101	2	1
947	2	17	2	1016.23	3.04869	10	10	2026-04-26 18:30:20.046101	2	1
948	2	18	2	77.03	0.23109	10	10	2026-04-26 18:30:20.046101	2	1
949	2	19	2	156.24	0.46872	10	10	2026-04-26 18:30:20.046101	2	1
950	2	20	2	89.48	0.26844	10	10	2026-04-26 18:30:20.046101	2	1
951	2	21	2	246.69	0.74007	10	10	2026-04-26 18:30:20.046101	2	1
952	2	22	2	82.97	0.24891	10	10	2026-04-26 18:30:20.046101	2	1
953	2	23	2	92.92	0.27876	10	10	2026-04-26 18:30:20.046101	2	1
954	2	24	2	349.57	1.04871	10	10	2026-04-26 18:30:20.046101	2	1
955	2	25	2	149.61	0.44883	10	10	2026-04-26 18:30:20.046101	2	1
956	2	26	2	424.89	1.27467	10	10	2026-04-26 18:30:20.046101	2	1
957	2	27	2	190.77	0.57231	10	10	2026-04-26 18:30:20.046101	2	1
958	2	28	2	52.33	0.15699	10	10	2026-04-26 18:30:20.046101	2	1
959	2	29	2	931.56	2.79468	10	10	2026-04-26 18:30:20.046101	2	1
960	2	30	2	112.48	0.33744	10	10	2026-04-26 18:30:20.046101	2	1
961	3	1	3	273.79	0.82137	10	10	2026-04-26 18:30:20.046101	2	1
962	3	2	3	428.89	1.28667	10	10	2026-04-26 18:30:20.046101	2	1
963	3	3	3	210.37	0.63111	10	10	2026-04-26 18:30:20.046101	2	1
964	3	4	3	266.65	0.79995	10	10	2026-04-26 18:30:20.046101	2	1
965	3	5	3	347.86	1.04358	10	10	2026-04-26 18:30:20.046101	2	1
966	3	6	3	681.80	2.04540	10	10	2026-04-26 18:30:20.046101	2	1
967	3	7	3	380.08	1.14024	10	10	2026-04-26 18:30:20.046101	2	1
968	3	8	3	711807.62	2135.42286	10	10	2026-04-26 18:30:20.046101	2	1
969	3	9	3	892.82	2.67846	10	10	2026-04-26 18:30:20.046101	2	1
970	3	10	3	311.38	0.93414	10	10	2026-04-26 18:30:20.046101	2	1
971	3	11	3	131.24	0.39372	10	10	2026-04-26 18:30:20.046101	2	1
972	3	12	3	358.49	1.07547	10	10	2026-04-26 18:30:20.046101	2	1
973	3	13	3	312.53	0.93759	10	10	2026-04-26 18:30:20.046101	2	1
974	3	14	3	509.23	1.52769	10	10	2026-04-26 18:30:20.046101	2	1
975	3	15	3	339.27	1.01781	10	10	2026-04-26 18:30:20.046101	2	1
976	3	16	3	149.68	0.44904	10	10	2026-04-26 18:30:20.046101	2	1
977	3	17	3	1021.28	3.06384	10	10	2026-04-26 18:30:20.046101	2	1
978	3	18	3	77.42	0.23226	10	10	2026-04-26 18:30:20.046101	2	1
979	3	19	3	157.01	0.47103	10	10	2026-04-26 18:30:20.046101	2	1
980	3	20	3	89.92	0.26976	10	10	2026-04-26 18:30:20.046101	2	1
981	3	21	3	247.91	0.74373	10	10	2026-04-26 18:30:20.046101	2	1
982	3	22	3	83.39	0.25017	10	10	2026-04-26 18:30:20.046101	2	1
983	3	23	3	93.38	0.28014	10	10	2026-04-26 18:30:20.046101	2	1
984	3	24	3	351.31	1.05393	10	10	2026-04-26 18:30:20.046101	2	1
985	3	25	3	150.36	0.45108	10	10	2026-04-26 18:30:20.046101	2	1
986	3	26	3	427.01	1.28103	10	10	2026-04-26 18:30:20.046101	2	1
987	3	27	3	191.72	0.57516	10	10	2026-04-26 18:30:20.046101	2	1
988	3	28	3	52.59	0.15777	10	10	2026-04-26 18:30:20.046101	2	1
989	3	29	3	936.20	2.80860	10	10	2026-04-26 18:30:20.046101	2	1
990	3	30	3	113.04	0.33912	10	10	2026-04-26 18:30:20.046101	2	1
991	4	1	4	275.15	0.82545	10	10	2026-04-26 18:30:20.046101	2	1
992	4	2	4	431.01	1.29303	10	10	2026-04-26 18:30:20.046101	2	1
993	4	3	4	211.41	0.63423	10	10	2026-04-26 18:30:20.046101	2	1
994	4	4	4	267.97	0.80391	10	10	2026-04-26 18:30:20.046101	2	1
995	4	5	4	349.59	1.04877	10	10	2026-04-26 18:30:20.046101	2	1
996	4	6	4	685.18	2.05554	10	10	2026-04-26 18:30:20.046101	2	1
997	4	7	4	381.96	1.14588	10	10	2026-04-26 18:30:20.046101	2	1
998	4	8	4	715331.42	2145.99426	10	10	2026-04-26 18:30:20.046101	2	1
999	4	9	4	897.24	2.69172	10	10	2026-04-26 18:30:20.046101	2	1
1000	4	10	4	312.92	0.93876	10	10	2026-04-26 18:30:20.046101	2	1
1001	4	11	4	131.89	0.39567	10	10	2026-04-26 18:30:20.046101	2	1
1002	4	12	4	360.26	1.08078	10	10	2026-04-26 18:30:20.046101	2	1
1003	4	13	4	314.08	0.94224	10	10	2026-04-26 18:30:20.046101	2	1
1004	4	14	4	511.75	1.53525	10	10	2026-04-26 18:30:20.046101	2	1
1005	4	15	4	340.95	1.02285	10	10	2026-04-26 18:30:20.046101	2	1
1006	4	16	4	150.42	0.45126	10	10	2026-04-26 18:30:20.046101	2	1
1007	4	17	4	1026.34	3.07902	10	10	2026-04-26 18:30:20.046101	2	1
1008	4	18	4	77.80	0.23340	10	10	2026-04-26 18:30:20.046101	2	1
1009	4	19	4	157.79	0.47337	10	10	2026-04-26 18:30:20.046101	2	1
1010	4	20	4	90.37	0.27111	10	10	2026-04-26 18:30:20.046101	2	1
1011	4	21	4	249.14	0.74742	10	10	2026-04-26 18:30:20.046101	2	1
1012	4	22	4	83.80	0.25140	10	10	2026-04-26 18:30:20.046101	2	1
1013	4	23	4	93.85	0.28155	10	10	2026-04-26 18:30:20.046101	2	1
1014	4	24	4	353.05	1.05915	10	10	2026-04-26 18:30:20.046101	2	1
1015	4	25	4	151.10	0.45330	10	10	2026-04-26 18:30:20.046101	2	1
1016	4	26	4	429.12	1.28736	10	10	2026-04-26 18:30:20.046101	2	1
1017	4	27	4	192.67	0.57801	10	10	2026-04-26 18:30:20.046101	2	1
1018	4	28	4	52.85	0.15855	10	10	2026-04-26 18:30:20.046101	2	1
1019	4	29	4	940.83	2.82249	10	10	2026-04-26 18:30:20.046101	2	1
1020	4	30	4	113.60	0.34080	10	10	2026-04-26 18:30:20.046101	2	1
1021	5	1	5	276.50	0.82950	10	10	2026-04-26 18:30:20.046101	2	1
1022	5	2	5	433.13	1.29939	10	10	2026-04-26 18:30:20.046101	2	1
1023	5	3	5	212.46	0.63738	10	10	2026-04-26 18:30:20.046101	2	1
1024	5	4	5	269.29	0.80787	10	10	2026-04-26 18:30:20.046101	2	1
1025	5	5	5	351.31	1.05393	10	10	2026-04-26 18:30:20.046101	2	1
1026	5	6	5	688.55	2.06565	10	10	2026-04-26 18:30:20.046101	2	1
1027	5	7	5	383.85	1.15155	10	10	2026-04-26 18:30:20.046101	2	1
1028	5	8	5	718855.22	2156.56566	10	10	2026-04-26 18:30:20.046101	2	1
1029	5	9	5	901.66	2.70498	10	10	2026-04-26 18:30:20.046101	2	1
1030	5	10	5	314.47	0.94341	10	10	2026-04-26 18:30:20.046101	2	1
1031	5	11	5	132.54	0.39762	10	10	2026-04-26 18:30:20.046101	2	1
1032	5	12	5	362.04	1.08612	10	10	2026-04-26 18:30:20.046101	2	1
1033	5	13	5	315.63	0.94689	10	10	2026-04-26 18:30:20.046101	2	1
1034	5	14	5	514.27	1.54281	10	10	2026-04-26 18:30:20.046101	2	1
1035	5	15	5	342.63	1.02789	10	10	2026-04-26 18:30:20.046101	2	1
1036	5	16	5	151.16	0.45348	10	10	2026-04-26 18:30:20.046101	2	1
1037	5	17	5	1031.39	3.09417	10	10	2026-04-26 18:30:20.046101	2	1
1038	5	18	5	78.18	0.23454	10	10	2026-04-26 18:30:20.046101	2	1
1039	5	19	5	158.57	0.47571	10	10	2026-04-26 18:30:20.046101	2	1
1040	5	20	5	90.81	0.27243	10	10	2026-04-26 18:30:20.046101	2	1
1041	5	21	5	250.37	0.75111	10	10	2026-04-26 18:30:20.046101	2	1
1042	5	22	5	84.21	0.25263	10	10	2026-04-26 18:30:20.046101	2	1
1043	5	23	5	94.31	0.28293	10	10	2026-04-26 18:30:20.046101	2	1
1044	5	24	5	354.79	1.06437	10	10	2026-04-26 18:30:20.046101	2	1
1045	5	25	5	151.85	0.45555	10	10	2026-04-26 18:30:20.046101	2	1
1046	5	26	5	431.24	1.29372	10	10	2026-04-26 18:30:20.046101	2	1
1047	5	27	5	193.62	0.58086	10	10	2026-04-26 18:30:20.046101	2	1
1048	5	28	5	53.11	0.15933	10	10	2026-04-26 18:30:20.046101	2	1
1049	5	29	5	945.47	2.83641	10	10	2026-04-26 18:30:20.046101	2	1
1050	5	30	5	114.16	0.34248	10	10	2026-04-26 18:30:20.046101	2	1
1051	6	1	6	277.86	0.83358	10	10	2026-04-26 18:30:20.046101	2	1
1052	6	2	6	435.26	1.30578	10	10	2026-04-26 18:30:20.046101	2	1
1053	6	3	6	213.50	0.64050	10	10	2026-04-26 18:30:20.046101	2	1
1054	6	4	6	270.61	0.81183	10	10	2026-04-26 18:30:20.046101	2	1
1055	6	5	6	353.03	1.05909	10	10	2026-04-26 18:30:20.046101	2	1
1056	6	6	6	691.93	2.07579	10	10	2026-04-26 18:30:20.046101	2	1
1057	6	7	6	385.73	1.15719	10	10	2026-04-26 18:30:20.046101	2	1
1058	6	8	6	722379.02	2167.13706	10	10	2026-04-26 18:30:20.046101	2	1
1059	6	9	6	906.08	2.71824	10	10	2026-04-26 18:30:20.046101	2	1
1060	6	10	6	316.01	0.94803	10	10	2026-04-26 18:30:20.046101	2	1
1061	6	11	6	133.19	0.39957	10	10	2026-04-26 18:30:20.046101	2	1
1062	6	12	6	363.81	1.09143	10	10	2026-04-26 18:30:20.046101	2	1
1063	6	13	6	317.18	0.95154	10	10	2026-04-26 18:30:20.046101	2	1
1064	6	14	6	516.79	1.55037	10	10	2026-04-26 18:30:20.046101	2	1
1065	6	15	6	344.31	1.03293	10	10	2026-04-26 18:30:20.046101	2	1
1066	6	16	6	151.91	0.45573	10	10	2026-04-26 18:30:20.046101	2	1
1067	6	17	6	1036.45	3.10935	10	10	2026-04-26 18:30:20.046101	2	1
1068	6	18	6	78.57	0.23571	10	10	2026-04-26 18:30:20.046101	2	1
1069	6	19	6	159.35	0.47805	10	10	2026-04-26 18:30:20.046101	2	1
1070	6	20	6	91.26	0.27378	10	10	2026-04-26 18:30:20.046101	2	1
1071	6	21	6	251.60	0.75480	10	10	2026-04-26 18:30:20.046101	2	1
1072	6	22	6	84.62	0.25386	10	10	2026-04-26 18:30:20.046101	2	1
1073	6	23	6	94.77	0.28431	10	10	2026-04-26 18:30:20.046101	2	1
1074	6	24	6	356.53	1.06959	10	10	2026-04-26 18:30:20.046101	2	1
1075	6	25	6	152.59	0.45777	10	10	2026-04-26 18:30:20.046101	2	1
1076	6	26	6	433.35	1.30005	10	10	2026-04-26 18:30:20.046101	2	1
1077	6	27	6	194.57	0.58371	10	10	2026-04-26 18:30:20.046101	2	1
1078	6	28	6	53.37	0.16011	10	10	2026-04-26 18:30:20.046101	2	1
1079	6	29	6	950.10	2.85030	10	10	2026-04-26 18:30:20.046101	2	1
1080	6	30	6	114.72	0.34416	10	10	2026-04-26 18:30:20.046101	2	1
1081	7	1	7	279.21	0.83763	10	10	2026-04-26 18:30:20.046101	2	1
1082	7	2	7	437.38	1.31214	10	10	2026-04-26 18:30:20.046101	2	1
1083	7	3	7	214.54	0.64362	10	10	2026-04-26 18:30:20.046101	2	1
1084	7	4	7	271.93	0.81579	10	10	2026-04-26 18:30:20.046101	2	1
1085	7	5	7	354.75	1.06425	10	10	2026-04-26 18:30:20.046101	2	1
1086	7	6	7	695.30	2.08590	10	10	2026-04-26 18:30:20.046101	2	1
1087	7	7	7	387.61	1.16283	10	10	2026-04-26 18:30:20.046101	2	1
1088	7	8	7	725902.82	2177.70846	10	10	2026-04-26 18:30:20.046101	2	1
1089	7	9	7	910.50	2.73150	10	10	2026-04-26 18:30:20.046101	2	1
1090	7	10	7	317.55	0.95265	10	10	2026-04-26 18:30:20.046101	2	1
1091	7	11	7	133.84	0.40152	10	10	2026-04-26 18:30:20.046101	2	1
1092	7	12	7	365.59	1.09677	10	10	2026-04-26 18:30:20.046101	2	1
1093	7	13	7	318.72	0.95616	10	10	2026-04-26 18:30:20.046101	2	1
1094	7	14	7	519.32	1.55796	10	10	2026-04-26 18:30:20.046101	2	1
1095	7	15	7	345.99	1.03797	10	10	2026-04-26 18:30:20.046101	2	1
1096	7	16	7	152.65	0.45795	10	10	2026-04-26 18:30:20.046101	2	1
1097	7	17	7	1041.51	3.12453	10	10	2026-04-26 18:30:20.046101	2	1
1098	7	18	7	78.95	0.23685	10	10	2026-04-26 18:30:20.046101	2	1
1099	7	19	7	160.12	0.48036	10	10	2026-04-26 18:30:20.046101	2	1
1100	7	20	7	91.70	0.27510	10	10	2026-04-26 18:30:20.046101	2	1
1101	7	21	7	252.82	0.75846	10	10	2026-04-26 18:30:20.046101	2	1
1102	7	22	7	85.04	0.25512	10	10	2026-04-26 18:30:20.046101	2	1
1103	7	23	7	95.23	0.28569	10	10	2026-04-26 18:30:20.046101	2	1
1104	7	24	7	358.26	1.07478	10	10	2026-04-26 18:30:20.046101	2	1
1105	7	25	7	153.34	0.46002	10	10	2026-04-26 18:30:20.046101	2	1
1106	7	26	7	435.46	1.30638	10	10	2026-04-26 18:30:20.046101	2	1
1107	7	27	7	195.51	0.58653	10	10	2026-04-26 18:30:20.046101	2	1
1108	7	28	7	53.63	0.16089	10	10	2026-04-26 18:30:20.046101	2	1
1109	7	29	7	954.74	2.86422	10	10	2026-04-26 18:30:20.046101	2	1
1110	7	30	7	115.28	0.34584	10	10	2026-04-26 18:30:20.046101	2	1
1111	8	1	8	280.57	0.84171	10	10	2026-04-26 18:30:20.046101	2	1
1112	8	2	8	439.50	1.31850	10	10	2026-04-26 18:30:20.046101	2	1
1113	8	3	8	215.58	0.64674	10	10	2026-04-26 18:30:20.046101	2	1
1114	8	4	8	273.25	0.81975	10	10	2026-04-26 18:30:20.046101	2	1
1115	8	5	8	356.47	1.06941	10	10	2026-04-26 18:30:20.046101	2	1
1116	8	6	8	698.68	2.09604	10	10	2026-04-26 18:30:20.046101	2	1
1117	8	7	8	389.49	1.16847	10	10	2026-04-26 18:30:20.046101	2	1
1118	8	8	8	729426.62	2188.27986	10	10	2026-04-26 18:30:20.046101	2	1
1119	8	9	8	914.92	2.74476	10	10	2026-04-26 18:30:20.046101	2	1
1120	8	10	8	319.09	0.95727	10	10	2026-04-26 18:30:20.046101	2	1
1121	8	11	8	134.49	0.40347	10	10	2026-04-26 18:30:20.046101	2	1
1122	8	12	8	367.36	1.10208	10	10	2026-04-26 18:30:20.046101	2	1
1123	8	13	8	320.27	0.96081	10	10	2026-04-26 18:30:20.046101	2	1
1124	8	14	8	521.84	1.56552	10	10	2026-04-26 18:30:20.046101	2	1
1125	8	15	8	347.67	1.04301	10	10	2026-04-26 18:30:20.046101	2	1
1126	8	16	8	153.39	0.46017	10	10	2026-04-26 18:30:20.046101	2	1
1127	8	17	8	1046.56	3.13968	10	10	2026-04-26 18:30:20.046101	2	1
1128	8	18	8	79.33	0.23799	10	10	2026-04-26 18:30:20.046101	2	1
1129	8	19	8	160.90	0.48270	10	10	2026-04-26 18:30:20.046101	2	1
1130	8	20	8	92.15	0.27645	10	10	2026-04-26 18:30:20.046101	2	1
1131	8	21	8	254.05	0.76215	10	10	2026-04-26 18:30:20.046101	2	1
1132	8	22	8	85.45	0.25635	10	10	2026-04-26 18:30:20.046101	2	1
1133	8	23	8	95.70	0.28710	10	10	2026-04-26 18:30:20.046101	2	1
1134	8	24	8	360.00	1.08000	10	10	2026-04-26 18:30:20.046101	2	1
1135	8	25	8	154.08	0.46224	10	10	2026-04-26 18:30:20.046101	2	1
1136	8	26	8	437.58	1.31274	10	10	2026-04-26 18:30:20.046101	2	1
1137	8	27	8	196.46	0.58938	10	10	2026-04-26 18:30:20.046101	2	1
1138	8	28	8	53.89	0.16167	10	10	2026-04-26 18:30:20.046101	2	1
1139	8	29	8	959.37	2.87811	10	10	2026-04-26 18:30:20.046101	2	1
1140	8	30	8	115.84	0.34752	10	10	2026-04-26 18:30:20.046101	2	1
1141	9	1	9	281.92	0.84576	10	10	2026-04-26 18:30:20.046101	2	1
1142	9	2	9	441.63	1.32489	10	10	2026-04-26 18:30:20.046101	2	1
1143	9	3	9	216.62	0.64986	10	10	2026-04-26 18:30:20.046101	2	1
1144	9	4	9	274.57	0.82371	10	10	2026-04-26 18:30:20.046101	2	1
1145	9	5	9	358.20	1.07460	10	10	2026-04-26 18:30:20.046101	2	1
1146	9	6	9	702.05	2.10615	10	10	2026-04-26 18:30:20.046101	2	1
1147	9	7	9	391.37	1.17411	10	10	2026-04-26 18:30:20.046101	2	1
1148	9	8	9	732950.42	2198.85126	10	10	2026-04-26 18:30:20.046101	2	1
1149	9	9	9	919.34	2.75802	10	10	2026-04-26 18:30:20.046101	2	1
1150	9	10	9	320.63	0.96189	10	10	2026-04-26 18:30:20.046101	2	1
1151	9	11	9	135.14	0.40542	10	10	2026-04-26 18:30:20.046101	2	1
1152	9	12	9	369.14	1.10742	10	10	2026-04-26 18:30:20.046101	2	1
1153	9	13	9	321.82	0.96546	10	10	2026-04-26 18:30:20.046101	2	1
1154	9	14	9	524.36	1.57308	10	10	2026-04-26 18:30:20.046101	2	1
1155	9	15	9	349.35	1.04805	10	10	2026-04-26 18:30:20.046101	2	1
1156	9	16	9	154.13	0.46239	10	10	2026-04-26 18:30:20.046101	2	1
1157	9	17	9	1051.62	3.15486	10	10	2026-04-26 18:30:20.046101	2	1
1158	9	18	9	79.72	0.23916	10	10	2026-04-26 18:30:20.046101	2	1
1159	9	19	9	161.68	0.48504	10	10	2026-04-26 18:30:20.046101	2	1
1160	9	20	9	92.59	0.27777	10	10	2026-04-26 18:30:20.046101	2	1
1161	9	21	9	255.28	0.76584	10	10	2026-04-26 18:30:20.046101	2	1
1162	9	22	9	85.86	0.25758	10	10	2026-04-26 18:30:20.046101	2	1
1163	9	23	9	96.16	0.28848	10	10	2026-04-26 18:30:20.046101	2	1
1164	9	24	9	361.74	1.08522	10	10	2026-04-26 18:30:20.046101	2	1
1165	9	25	9	154.82	0.46446	10	10	2026-04-26 18:30:20.046101	2	1
1166	9	26	9	439.69	1.31907	10	10	2026-04-26 18:30:20.046101	2	1
1167	9	27	9	197.41	0.59223	10	10	2026-04-26 18:30:20.046101	2	1
1168	9	28	9	54.15	0.16245	10	10	2026-04-26 18:30:20.046101	2	1
1169	9	29	9	964.01	2.89203	10	10	2026-04-26 18:30:20.046101	2	1
1170	9	30	9	116.40	0.34920	10	10	2026-04-26 18:30:20.046101	2	1
1171	10	1	10	283.28	0.84984	10	10	2026-04-26 18:30:20.046101	2	1
1172	10	2	10	443.75	1.33125	10	10	2026-04-26 18:30:20.046101	2	1
1173	10	3	10	217.66	0.65298	10	10	2026-04-26 18:30:20.046101	2	1
1174	10	4	10	275.89	0.82767	10	10	2026-04-26 18:30:20.046101	2	1
1175	10	5	10	359.92	1.07976	10	10	2026-04-26 18:30:20.046101	2	1
1176	10	6	10	705.43	2.11629	10	10	2026-04-26 18:30:20.046101	2	1
1177	10	7	10	393.25	1.17975	10	10	2026-04-26 18:30:20.046101	2	1
1178	10	8	10	736474.22	2209.42266	10	10	2026-04-26 18:30:20.046101	2	1
1179	10	9	10	923.76	2.77128	10	10	2026-04-26 18:30:20.046101	2	1
1180	10	10	10	322.17	0.96651	10	10	2026-04-26 18:30:20.046101	2	1
1181	10	11	10	135.79	0.40737	10	10	2026-04-26 18:30:20.046101	2	1
1182	10	12	10	370.91	1.11273	10	10	2026-04-26 18:30:20.046101	2	1
1183	10	13	10	323.36	0.97008	10	10	2026-04-26 18:30:20.046101	2	1
1184	10	14	10	526.88	1.58064	10	10	2026-04-26 18:30:20.046101	2	1
1185	10	15	10	351.03	1.05309	10	10	2026-04-26 18:30:20.046101	2	1
1186	10	16	10	154.87	0.46461	10	10	2026-04-26 18:30:20.046101	2	1
1187	10	17	10	1056.67	3.17001	10	10	2026-04-26 18:30:20.046101	2	1
1188	10	18	10	80.10	0.24030	10	10	2026-04-26 18:30:20.046101	2	1
1189	10	19	10	162.46	0.48738	10	10	2026-04-26 18:30:20.046101	2	1
1190	10	20	10	93.04	0.27912	10	10	2026-04-26 18:30:20.046101	2	1
1191	10	21	10	256.51	0.76953	10	10	2026-04-26 18:30:20.046101	2	1
1192	10	22	10	86.28	0.25884	10	10	2026-04-26 18:30:20.046101	2	1
1193	10	23	10	96.62	0.28986	10	10	2026-04-26 18:30:20.046101	2	1
1194	10	24	10	363.48	1.09044	10	10	2026-04-26 18:30:20.046101	2	1
1195	10	25	10	155.57	0.46671	10	10	2026-04-26 18:30:20.046101	2	1
1196	10	26	10	441.81	1.32543	10	10	2026-04-26 18:30:20.046101	2	1
1197	10	27	10	198.36	0.59508	10	10	2026-04-26 18:30:20.046101	2	1
1198	10	28	10	54.41	0.16323	10	10	2026-04-26 18:30:20.046101	2	1
1199	10	29	10	968.64	2.90592	10	10	2026-04-26 18:30:20.046101	2	1
1200	10	30	10	116.96	0.35088	10	10	2026-04-26 18:30:20.046101	2	1
1201	11	1	11	284.63	0.85389	10	10	2026-04-26 18:30:20.046101	2	1
1202	11	2	11	445.87	1.33761	10	10	2026-04-26 18:30:20.046101	2	1
1203	11	3	11	218.70	0.65610	10	10	2026-04-26 18:30:20.046101	2	1
1204	11	4	11	277.21	0.83163	10	10	2026-04-26 18:30:20.046101	2	1
1205	11	5	11	361.64	1.08492	10	10	2026-04-26 18:30:20.046101	2	1
1206	11	6	11	708.80	2.12640	10	10	2026-04-26 18:30:20.046101	2	1
1207	11	7	11	395.14	1.18542	10	10	2026-04-26 18:30:20.046101	2	1
1208	11	8	11	739998.02	2219.99406	10	10	2026-04-26 18:30:20.046101	2	1
1209	11	9	11	928.18	2.78454	10	10	2026-04-26 18:30:20.046101	2	1
1210	11	10	11	323.72	0.97116	10	10	2026-04-26 18:30:20.046101	2	1
1211	11	11	11	136.44	0.40932	10	10	2026-04-26 18:30:20.046101	2	1
1212	11	12	11	372.69	1.11807	10	10	2026-04-26 18:30:20.046101	2	1
1213	11	13	11	324.91	0.97473	10	10	2026-04-26 18:30:20.046101	2	1
1214	11	14	11	529.40	1.58820	10	10	2026-04-26 18:30:20.046101	2	1
1215	11	15	11	352.71	1.05813	10	10	2026-04-26 18:30:20.046101	2	1
1216	11	16	11	155.61	0.46683	10	10	2026-04-26 18:30:20.046101	2	1
1217	11	17	11	1061.73	3.18519	10	10	2026-04-26 18:30:20.046101	2	1
1218	11	18	11	80.48	0.24144	10	10	2026-04-26 18:30:20.046101	2	1
1219	11	19	11	163.23	0.48969	10	10	2026-04-26 18:30:20.046101	2	1
1220	11	20	11	93.48	0.28044	10	10	2026-04-26 18:30:20.046101	2	1
1221	11	21	11	257.73	0.77319	10	10	2026-04-26 18:30:20.046101	2	1
1222	11	22	11	86.69	0.26007	10	10	2026-04-26 18:30:20.046101	2	1
1223	11	23	11	97.08	0.29124	10	10	2026-04-26 18:30:20.046101	2	1
1224	11	24	11	365.22	1.09566	10	10	2026-04-26 18:30:20.046101	2	1
1225	11	25	11	156.31	0.46893	10	10	2026-04-26 18:30:20.046101	2	1
1226	11	26	11	443.92	1.33176	10	10	2026-04-26 18:30:20.046101	2	1
1227	11	27	11	199.31	0.59793	10	10	2026-04-26 18:30:20.046101	2	1
1228	11	28	11	54.67	0.16401	10	10	2026-04-26 18:30:20.046101	2	1
1229	11	29	11	973.28	2.91984	10	10	2026-04-26 18:30:20.046101	2	1
1230	11	30	11	117.52	0.35256	10	10	2026-04-26 18:30:20.046101	2	1
1231	12	1	12	285.99	0.85797	10	10	2026-04-26 18:30:20.046101	2	1
1232	12	2	12	448.00	1.34400	10	10	2026-04-26 18:30:20.046101	2	1
1233	12	3	12	219.75	0.65925	10	10	2026-04-26 18:30:20.046101	2	1
1234	12	4	12	278.53	0.83559	10	10	2026-04-26 18:30:20.046101	2	1
1235	12	5	12	363.36	1.09008	10	10	2026-04-26 18:30:20.046101	2	1
1236	12	6	12	712.18	2.13654	10	10	2026-04-26 18:30:20.046101	2	1
1237	12	7	12	397.02	1.19106	10	10	2026-04-26 18:30:20.046101	2	1
1238	12	8	12	743521.82	2230.56546	10	10	2026-04-26 18:30:20.046101	2	1
1239	12	9	12	932.60	2.79780	10	10	2026-04-26 18:30:20.046101	2	1
1240	12	10	12	325.26	0.97578	10	10	2026-04-26 18:30:20.046101	2	1
1241	12	11	12	137.09	0.41127	10	10	2026-04-26 18:30:20.046101	2	1
1242	12	12	12	374.46	1.12338	10	10	2026-04-26 18:30:20.046101	2	1
1243	12	13	12	326.46	0.97938	10	10	2026-04-26 18:30:20.046101	2	1
1244	12	14	12	531.92	1.59576	10	10	2026-04-26 18:30:20.046101	2	1
1245	12	15	12	354.39	1.06317	10	10	2026-04-26 18:30:20.046101	2	1
1246	12	16	12	156.35	0.46905	10	10	2026-04-26 18:30:20.046101	2	1
1247	12	17	12	1066.78	3.20034	10	10	2026-04-26 18:30:20.046101	2	1
1248	12	18	12	80.87	0.24261	10	10	2026-04-26 18:30:20.046101	2	1
1249	12	19	12	164.01	0.49203	10	10	2026-04-26 18:30:20.046101	2	1
1250	12	20	12	93.93	0.28179	10	10	2026-04-26 18:30:20.046101	2	1
1251	12	21	12	258.96	0.77688	10	10	2026-04-26 18:30:20.046101	2	1
1252	12	22	12	87.10	0.26130	10	10	2026-04-26 18:30:20.046101	2	1
1253	12	23	12	97.55	0.29265	10	10	2026-04-26 18:30:20.046101	2	1
1254	12	24	12	366.96	1.10088	10	10	2026-04-26 18:30:20.046101	2	1
1255	12	25	12	157.06	0.47118	10	10	2026-04-26 18:30:20.046101	2	1
1256	12	26	12	446.03	1.33809	10	10	2026-04-26 18:30:20.046101	2	1
1257	12	27	12	200.26	0.60078	10	10	2026-04-26 18:30:20.046101	2	1
1258	12	28	12	54.93	0.16479	10	10	2026-04-26 18:30:20.046101	2	1
1259	12	29	12	977.91	2.93373	10	10	2026-04-26 18:30:20.046101	2	1
1260	12	30	12	118.08	0.35424	10	10	2026-04-26 18:30:20.046101	2	1
1261	13	1	13	287.34	0.86202	10	10	2026-04-26 18:30:20.046101	2	1
1262	13	2	13	450.12	1.35036	10	10	2026-04-26 18:30:20.046101	2	1
1263	13	3	13	220.79	0.66237	10	10	2026-04-26 18:30:20.046101	2	1
1264	13	4	13	279.85	0.83955	10	10	2026-04-26 18:30:20.046101	2	1
1265	13	5	13	365.09	1.09527	10	10	2026-04-26 18:30:20.046101	2	1
1266	13	6	13	715.55	2.14665	10	10	2026-04-26 18:30:20.046101	2	1
1267	13	7	13	398.90	1.19670	10	10	2026-04-26 18:30:20.046101	2	1
1268	13	8	13	747045.62	2241.13686	10	10	2026-04-26 18:30:20.046101	2	1
1269	13	9	13	937.02	2.81106	10	10	2026-04-26 18:30:20.046101	2	1
1270	13	10	13	326.80	0.98040	10	10	2026-04-26 18:30:20.046101	2	1
1271	13	11	13	137.74	0.41322	10	10	2026-04-26 18:30:20.046101	2	1
1272	13	12	13	376.24	1.12872	10	10	2026-04-26 18:30:20.046101	2	1
1273	13	13	13	328.01	0.98403	10	10	2026-04-26 18:30:20.046101	2	1
1274	13	14	13	534.44	1.60332	10	10	2026-04-26 18:30:20.046101	2	1
1275	13	15	13	356.06	1.06818	10	10	2026-04-26 18:30:20.046101	2	1
1276	13	16	13	157.09	0.47127	10	10	2026-04-26 18:30:20.046101	2	1
1277	13	17	13	1071.84	3.21552	10	10	2026-04-26 18:30:20.046101	2	1
1278	13	18	13	81.25	0.24375	10	10	2026-04-26 18:30:20.046101	2	1
1279	13	19	13	164.79	0.49437	10	10	2026-04-26 18:30:20.046101	2	1
1280	13	20	13	94.37	0.28311	10	10	2026-04-26 18:30:20.046101	2	1
1281	13	21	13	260.19	0.78057	10	10	2026-04-26 18:30:20.046101	2	1
1282	13	22	13	87.51	0.26253	10	10	2026-04-26 18:30:20.046101	2	1
1283	13	23	13	98.01	0.29403	10	10	2026-04-26 18:30:20.046101	2	1
1284	13	24	13	368.70	1.10610	10	10	2026-04-26 18:30:20.046101	2	1
1285	13	25	13	157.80	0.47340	10	10	2026-04-26 18:30:20.046101	2	1
1286	13	26	13	448.15	1.34445	10	10	2026-04-26 18:30:20.046101	2	1
1287	13	27	13	201.21	0.60363	10	10	2026-04-26 18:30:20.046101	2	1
1288	13	28	13	55.19	0.16557	10	10	2026-04-26 18:30:20.046101	2	1
1289	13	29	13	982.55	2.94765	10	10	2026-04-26 18:30:20.046101	2	1
1290	13	30	13	118.64	0.35592	10	10	2026-04-26 18:30:20.046101	2	1
1291	14	1	14	288.70	0.86610	10	10	2026-04-26 18:30:20.046101	2	1
1292	14	2	14	452.24	1.35672	10	10	2026-04-26 18:30:20.046101	2	1
1293	14	3	14	221.83	0.66549	10	10	2026-04-26 18:30:20.046101	2	1
1294	14	4	14	281.17	0.84351	10	10	2026-04-26 18:30:20.046101	2	1
1295	14	5	14	366.81	1.10043	10	10	2026-04-26 18:30:20.046101	2	1
1296	14	6	14	718.93	2.15679	10	10	2026-04-26 18:30:20.046101	2	1
1297	14	7	14	400.78	1.20234	10	10	2026-04-26 18:30:20.046101	2	1
1298	14	8	14	750569.42	2251.70826	10	10	2026-04-26 18:30:20.046101	2	1
1299	14	9	14	941.44	2.82432	10	10	2026-04-26 18:30:20.046101	2	1
1300	14	10	14	328.34	0.98502	10	10	2026-04-26 18:30:20.046101	2	1
1301	14	11	14	138.39	0.41517	10	10	2026-04-26 18:30:20.046101	2	1
1302	14	12	14	378.01	1.13403	10	10	2026-04-26 18:30:20.046101	2	1
1303	14	13	14	329.55	0.98865	10	10	2026-04-26 18:30:20.046101	2	1
1304	14	14	14	536.96	1.61088	10	10	2026-04-26 18:30:20.046101	2	1
1305	14	15	14	357.74	1.07322	10	10	2026-04-26 18:30:20.046101	2	1
1306	14	16	14	157.83	0.47349	10	10	2026-04-26 18:30:20.046101	2	1
1307	14	17	14	1076.90	3.23070	10	10	2026-04-26 18:30:20.046101	2	1
1308	14	18	14	81.63	0.24489	10	10	2026-04-26 18:30:20.046101	2	1
1309	14	19	14	165.56	0.49668	10	10	2026-04-26 18:30:20.046101	2	1
1310	14	20	14	94.82	0.28446	10	10	2026-04-26 18:30:20.046101	2	1
1311	14	21	14	261.41	0.78423	10	10	2026-04-26 18:30:20.046101	2	1
1312	14	22	14	87.93	0.26379	10	10	2026-04-26 18:30:20.046101	2	1
1313	14	23	14	98.47	0.29541	10	10	2026-04-26 18:30:20.046101	2	1
1314	14	24	14	370.44	1.11132	10	10	2026-04-26 18:30:20.046101	2	1
1315	14	25	14	158.55	0.47565	10	10	2026-04-26 18:30:20.046101	2	1
1316	14	26	14	450.26	1.35078	10	10	2026-04-26 18:30:20.046101	2	1
1317	14	27	14	202.16	0.60648	10	10	2026-04-26 18:30:20.046101	2	1
1318	14	28	14	55.45	0.16635	10	10	2026-04-26 18:30:20.046101	2	1
1319	14	29	14	987.18	2.96154	10	10	2026-04-26 18:30:20.046101	2	1
1320	14	30	14	119.19	0.35757	10	10	2026-04-26 18:30:20.046101	2	1
1321	15	1	15	290.06	0.87018	10	10	2026-04-26 18:30:20.046101	2	1
1322	15	2	15	454.36	1.36308	10	10	2026-04-26 18:30:20.046101	2	1
1323	15	3	15	222.87	0.66861	10	10	2026-04-26 18:30:20.046101	2	1
1324	15	4	15	282.49	0.84747	10	10	2026-04-26 18:30:20.046101	2	1
1325	15	5	15	368.53	1.10559	10	10	2026-04-26 18:30:20.046101	2	1
1326	15	6	15	722.30	2.16690	10	10	2026-04-26 18:30:20.046101	2	1
1327	15	7	15	402.66	1.20798	10	10	2026-04-26 18:30:20.046101	2	1
1328	15	8	15	754093.22	2262.27966	10	10	2026-04-26 18:30:20.046101	2	1
1329	15	9	15	945.86	2.83758	10	10	2026-04-26 18:30:20.046101	2	1
1330	15	10	15	329.88	0.98964	10	10	2026-04-26 18:30:20.046101	2	1
1331	15	11	15	139.04	0.41712	10	10	2026-04-26 18:30:20.046101	2	1
1332	15	12	15	379.79	1.13937	10	10	2026-04-26 18:30:20.046101	2	1
1333	15	13	15	331.10	0.99330	10	10	2026-04-26 18:30:20.046101	2	1
1334	15	14	15	539.48	1.61844	10	10	2026-04-26 18:30:20.046101	2	1
1335	15	15	15	359.42	1.07826	10	10	2026-04-26 18:30:20.046101	2	1
1336	15	16	15	158.57	0.47571	10	10	2026-04-26 18:30:20.046101	2	1
1337	15	17	15	1081.95	3.24585	10	10	2026-04-26 18:30:20.046101	2	1
1338	15	18	15	82.02	0.24606	10	10	2026-04-26 18:30:20.046101	2	1
1339	15	19	15	166.34	0.49902	10	10	2026-04-26 18:30:20.046101	2	1
1340	15	20	15	95.26	0.28578	10	10	2026-04-26 18:30:20.046101	2	1
1341	15	21	15	262.64	0.78792	10	10	2026-04-26 18:30:20.046101	2	1
1342	15	22	15	88.34	0.26502	10	10	2026-04-26 18:30:20.046101	2	1
1343	15	23	15	98.93	0.29679	10	10	2026-04-26 18:30:20.046101	2	1
1344	15	24	15	372.18	1.11654	10	10	2026-04-26 18:30:20.046101	2	1
1345	15	25	15	159.29	0.47787	10	10	2026-04-26 18:30:20.046101	2	1
1346	15	26	15	452.37	1.35711	10	10	2026-04-26 18:30:20.046101	2	1
1347	15	27	15	203.11	0.60933	10	10	2026-04-26 18:30:20.046101	2	1
1348	15	28	15	55.71	0.16713	10	10	2026-04-26 18:30:20.046101	2	1
1349	15	29	15	991.82	2.97546	10	10	2026-04-26 18:30:20.046101	2	1
1350	15	30	15	119.75	0.35925	10	10	2026-04-26 18:30:20.046101	2	1
1351	16	1	16	291.41	0.87423	10	10	2026-04-26 18:30:20.046101	2	1
1352	16	2	16	456.49	1.36947	10	10	2026-04-26 18:30:20.046101	2	1
1353	16	3	16	223.91	0.67173	10	10	2026-04-26 18:30:20.046101	2	1
1354	16	4	16	283.81	0.85143	10	10	2026-04-26 18:30:20.046101	2	1
1355	16	5	16	370.25	1.11075	10	10	2026-04-26 18:30:20.046101	2	1
1356	16	6	16	725.68	2.17704	10	10	2026-04-26 18:30:20.046101	2	1
1357	16	7	16	404.54	1.21362	10	10	2026-04-26 18:30:20.046101	2	1
1358	16	8	16	757617.02	2272.85106	10	10	2026-04-26 18:30:20.046101	2	1
1359	16	9	16	950.28	2.85084	10	10	2026-04-26 18:30:20.046101	2	1
1360	16	10	16	331.42	0.99426	10	10	2026-04-26 18:30:20.046101	2	1
1361	16	11	16	139.69	0.41907	10	10	2026-04-26 18:30:20.046101	2	1
1362	16	12	16	381.56	1.14468	10	10	2026-04-26 18:30:20.046101	2	1
1363	16	13	16	332.65	0.99795	10	10	2026-04-26 18:30:20.046101	2	1
1364	16	14	16	542.00	1.62600	10	10	2026-04-26 18:30:20.046101	2	1
1365	16	15	16	361.10	1.08330	10	10	2026-04-26 18:30:20.046101	2	1
1366	16	16	16	159.32	0.47796	10	10	2026-04-26 18:30:20.046101	2	1
1367	16	17	16	1087.01	3.26103	10	10	2026-04-26 18:30:20.046101	2	1
1368	16	18	16	82.40	0.24720	10	10	2026-04-26 18:30:20.046101	2	1
1369	16	19	16	167.12	0.50136	10	10	2026-04-26 18:30:20.046101	2	1
1370	16	20	16	95.71	0.28713	10	10	2026-04-26 18:30:20.046101	2	1
1371	16	21	16	263.87	0.79161	10	10	2026-04-26 18:30:20.046101	2	1
1372	16	22	16	88.75	0.26625	10	10	2026-04-26 18:30:20.046101	2	1
1373	16	23	16	99.39	0.29817	10	10	2026-04-26 18:30:20.046101	2	1
1374	16	24	16	373.92	1.12176	10	10	2026-04-26 18:30:20.046101	2	1
1375	16	25	16	160.04	0.48012	10	10	2026-04-26 18:30:20.046101	2	1
1376	16	26	16	454.49	1.36347	10	10	2026-04-26 18:30:20.046101	2	1
1377	16	27	16	204.06	0.61218	10	10	2026-04-26 18:30:20.046101	2	1
1378	16	28	16	55.98	0.16794	10	10	2026-04-26 18:30:20.046101	2	1
1379	16	29	16	996.45	2.98935	10	10	2026-04-26 18:30:20.046101	2	1
1380	16	30	16	120.31	0.36093	10	10	2026-04-26 18:30:20.046101	2	1
1381	17	1	17	292.77	0.87831	10	10	2026-04-26 18:30:20.046101	2	1
1382	17	2	17	458.61	1.37583	10	10	2026-04-26 18:30:20.046101	2	1
1383	17	3	17	224.95	0.67485	10	10	2026-04-26 18:30:20.046101	2	1
1384	17	4	17	285.13	0.85539	10	10	2026-04-26 18:30:20.046101	2	1
1385	17	5	17	371.97	1.11591	10	10	2026-04-26 18:30:20.046101	2	1
1386	17	6	17	729.05	2.18715	10	10	2026-04-26 18:30:20.046101	2	1
1387	17	7	17	406.43	1.21929	10	10	2026-04-26 18:30:20.046101	2	1
1388	17	8	17	761140.82	2283.42246	10	10	2026-04-26 18:30:20.046101	2	1
1389	17	9	17	954.70	2.86410	10	10	2026-04-26 18:30:20.046101	2	1
1390	17	10	17	332.96	0.99888	10	10	2026-04-26 18:30:20.046101	2	1
1391	17	11	17	140.34	0.42102	10	10	2026-04-26 18:30:20.046101	2	1
1392	17	12	17	383.34	1.15002	10	10	2026-04-26 18:30:20.046101	2	1
1393	17	13	17	334.20	1.00260	10	10	2026-04-26 18:30:20.046101	2	1
1394	17	14	17	544.53	1.63359	10	10	2026-04-26 18:30:20.046101	2	1
1395	17	15	17	362.78	1.08834	10	10	2026-04-26 18:30:20.046101	2	1
1396	17	16	17	160.06	0.48018	10	10	2026-04-26 18:30:20.046101	2	1
1397	17	17	17	1092.06	3.27618	10	10	2026-04-26 18:30:20.046101	2	1
1398	17	18	17	82.78	0.24834	10	10	2026-04-26 18:30:20.046101	2	1
1399	17	19	17	167.90	0.50370	10	10	2026-04-26 18:30:20.046101	2	1
1400	17	20	17	96.15	0.28845	10	10	2026-04-26 18:30:20.046101	2	1
1401	17	21	17	265.10	0.79530	10	10	2026-04-26 18:30:20.046101	2	1
1402	17	22	17	89.16	0.26748	10	10	2026-04-26 18:30:20.046101	2	1
1403	17	23	17	99.86	0.29958	10	10	2026-04-26 18:30:20.046101	2	1
1404	17	24	17	375.66	1.12698	10	10	2026-04-26 18:30:20.046101	2	1
1405	17	25	17	160.78	0.48234	10	10	2026-04-26 18:30:20.046101	2	1
1406	17	26	17	456.60	1.36980	10	10	2026-04-26 18:30:20.046101	2	1
1407	17	27	17	205.01	0.61503	10	10	2026-04-26 18:30:20.046101	2	1
1408	17	28	17	56.24	0.16872	10	10	2026-04-26 18:30:20.046101	2	1
1409	17	29	17	1001.08	3.00324	10	10	2026-04-26 18:30:20.046101	2	1
1410	17	30	17	120.87	0.36261	10	10	2026-04-26 18:30:20.046101	2	1
1411	18	1	18	294.12	0.88236	10	10	2026-04-26 18:30:20.046101	2	1
1412	18	2	18	460.73	1.38219	10	10	2026-04-26 18:30:20.046101	2	1
1413	18	3	18	225.99	0.67797	10	10	2026-04-26 18:30:20.046101	2	1
1414	18	4	18	286.45	0.85935	10	10	2026-04-26 18:30:20.046101	2	1
1415	18	5	18	373.70	1.12110	10	10	2026-04-26 18:30:20.046101	2	1
1416	18	6	18	732.43	2.19729	10	10	2026-04-26 18:30:20.046101	2	1
1417	18	7	18	408.31	1.22493	10	10	2026-04-26 18:30:20.046101	2	1
1418	18	8	18	764664.62	2293.99386	10	10	2026-04-26 18:30:20.046101	2	1
1419	18	9	18	959.12	2.87736	10	10	2026-04-26 18:30:20.046101	2	1
1420	18	10	18	334.51	1.00353	10	10	2026-04-26 18:30:20.046101	2	1
1421	18	11	18	140.98	0.42294	10	10	2026-04-26 18:30:20.046101	2	1
1422	18	12	18	385.11	1.15533	10	10	2026-04-26 18:30:20.046101	2	1
1423	18	13	18	335.74	1.00722	10	10	2026-04-26 18:30:20.046101	2	1
1424	18	14	18	547.05	1.64115	10	10	2026-04-26 18:30:20.046101	2	1
1425	18	15	18	364.46	1.09338	10	10	2026-04-26 18:30:20.046101	2	1
1426	18	16	18	160.80	0.48240	10	10	2026-04-26 18:30:20.046101	2	1
1427	18	17	18	1097.12	3.29136	10	10	2026-04-26 18:30:20.046101	2	1
1428	18	18	18	83.17	0.24951	10	10	2026-04-26 18:30:20.046101	2	1
1429	18	19	18	168.67	0.50601	10	10	2026-04-26 18:30:20.046101	2	1
1430	18	20	18	96.60	0.28980	10	10	2026-04-26 18:30:20.046101	2	1
1431	18	21	18	266.32	0.79896	10	10	2026-04-26 18:30:20.046101	2	1
1432	18	22	18	89.58	0.26874	10	10	2026-04-26 18:30:20.046101	2	1
1433	18	23	18	100.32	0.30096	10	10	2026-04-26 18:30:20.046101	2	1
1434	18	24	18	377.40	1.13220	10	10	2026-04-26 18:30:20.046101	2	1
1435	18	25	18	161.52	0.48456	10	10	2026-04-26 18:30:20.046101	2	1
1436	18	26	18	458.72	1.37616	10	10	2026-04-26 18:30:20.046101	2	1
1437	18	27	18	205.95	0.61785	10	10	2026-04-26 18:30:20.046101	2	1
1438	18	28	18	56.50	0.16950	10	10	2026-04-26 18:30:20.046101	2	1
1439	18	29	18	1005.72	3.01716	10	10	2026-04-26 18:30:20.046101	2	1
1440	18	30	18	121.43	0.36429	10	10	2026-04-26 18:30:20.046101	2	1
1441	19	1	19	295.48	0.88644	10	10	2026-04-26 18:30:20.046101	2	1
1442	19	2	19	462.86	1.38858	10	10	2026-04-26 18:30:20.046101	2	1
1443	19	3	19	227.04	0.68112	10	10	2026-04-26 18:30:20.046101	2	1
1444	19	4	19	287.77	0.86331	10	10	2026-04-26 18:30:20.046101	2	1
1445	19	5	19	375.42	1.12626	10	10	2026-04-26 18:30:20.046101	2	1
1446	19	6	19	735.80	2.20740	10	10	2026-04-26 18:30:20.046101	2	1
1447	19	7	19	410.19	1.23057	10	10	2026-04-26 18:30:20.046101	2	1
1448	19	8	19	768188.42	2304.56526	10	10	2026-04-26 18:30:20.046101	2	1
1449	19	9	19	963.54	2.89062	10	10	2026-04-26 18:30:20.046101	2	1
1450	19	10	19	336.05	1.00815	10	10	2026-04-26 18:30:20.046101	2	1
1451	19	11	19	141.63	0.42489	10	10	2026-04-26 18:30:20.046101	2	1
1452	19	12	19	386.88	1.16064	10	10	2026-04-26 18:30:20.046101	2	1
1453	19	13	19	337.29	1.01187	10	10	2026-04-26 18:30:20.046101	2	1
1454	19	14	19	549.57	1.64871	10	10	2026-04-26 18:30:20.046101	2	1
1455	19	15	19	366.14	1.09842	10	10	2026-04-26 18:30:20.046101	2	1
1456	19	16	19	161.54	0.48462	10	10	2026-04-26 18:30:20.046101	2	1
1457	19	17	19	1102.18	3.30654	10	10	2026-04-26 18:30:20.046101	2	1
1458	19	18	19	83.55	0.25065	10	10	2026-04-26 18:30:20.046101	2	1
1459	19	19	19	169.45	0.50835	10	10	2026-04-26 18:30:20.046101	2	1
1460	19	20	19	97.04	0.29112	10	10	2026-04-26 18:30:20.046101	2	1
1461	19	21	19	267.55	0.80265	10	10	2026-04-26 18:30:20.046101	2	1
1462	19	22	19	89.99	0.26997	10	10	2026-04-26 18:30:20.046101	2	1
1463	19	23	19	100.78	0.30234	10	10	2026-04-26 18:30:20.046101	2	1
1464	19	24	19	379.13	1.13739	10	10	2026-04-26 18:30:20.046101	2	1
1465	19	25	19	162.27	0.48681	10	10	2026-04-26 18:30:20.046101	2	1
1466	19	26	19	460.83	1.38249	10	10	2026-04-26 18:30:20.046101	2	1
1467	19	27	19	206.90	0.62070	10	10	2026-04-26 18:30:20.046101	2	1
1468	19	28	19	56.76	0.17028	10	10	2026-04-26 18:30:20.046101	2	1
1469	19	29	19	1010.35	3.03105	10	10	2026-04-26 18:30:20.046101	2	1
1470	19	30	19	121.99	0.36597	10	10	2026-04-26 18:30:20.046101	2	1
1471	20	1	20	296.83	0.89049	10	10	2026-04-26 18:30:20.046101	2	1
1472	20	2	20	464.98	1.39494	10	10	2026-04-26 18:30:20.046101	2	1
1473	20	3	20	228.08	0.68424	10	10	2026-04-26 18:30:20.046101	2	1
1474	20	4	20	289.09	0.86727	10	10	2026-04-26 18:30:20.046101	2	1
1475	20	5	20	377.14	1.13142	10	10	2026-04-26 18:30:20.046101	2	1
1476	20	6	20	739.18	2.21754	10	10	2026-04-26 18:30:20.046101	2	1
1477	20	7	20	412.07	1.23621	10	10	2026-04-26 18:30:20.046101	2	1
1478	20	8	20	771712.22	2315.13666	10	10	2026-04-26 18:30:20.046101	2	1
1479	20	9	20	967.96	2.90388	10	10	2026-04-26 18:30:20.046101	2	1
1480	20	10	20	337.59	1.01277	10	10	2026-04-26 18:30:20.046101	2	1
1481	20	11	20	142.28	0.42684	10	10	2026-04-26 18:30:20.046101	2	1
1482	20	12	20	388.66	1.16598	10	10	2026-04-26 18:30:20.046101	2	1
1483	20	13	20	338.84	1.01652	10	10	2026-04-26 18:30:20.046101	2	1
1484	20	14	20	552.09	1.65627	10	10	2026-04-26 18:30:20.046101	2	1
1485	20	15	20	367.82	1.10346	10	10	2026-04-26 18:30:20.046101	2	1
1486	20	16	20	162.28	0.48684	10	10	2026-04-26 18:30:20.046101	2	1
1487	20	17	20	1107.23	3.32169	10	10	2026-04-26 18:30:20.046101	2	1
1488	20	18	20	83.93	0.25179	10	10	2026-04-26 18:30:20.046101	2	1
1489	20	19	20	170.23	0.51069	10	10	2026-04-26 18:30:20.046101	2	1
1490	20	20	20	97.49	0.29247	10	10	2026-04-26 18:30:20.046101	2	1
1491	20	21	20	268.78	0.80634	10	10	2026-04-26 18:30:20.046101	2	1
1492	20	22	20	90.40	0.27120	10	10	2026-04-26 18:30:20.046101	2	1
1493	20	23	20	101.24	0.30372	10	10	2026-04-26 18:30:20.046101	2	1
1494	20	24	20	380.87	1.14261	10	10	2026-04-26 18:30:20.046101	2	1
1495	20	25	20	163.01	0.48903	10	10	2026-04-26 18:30:20.046101	2	1
1496	20	26	20	462.94	1.38882	10	10	2026-04-26 18:30:20.046101	2	1
1497	20	27	20	207.85	0.62355	10	10	2026-04-26 18:30:20.046101	2	1
1498	20	28	20	57.02	0.17106	10	10	2026-04-26 18:30:20.046101	2	1
1499	20	29	20	1014.99	3.04497	10	10	2026-04-26 18:30:20.046101	2	1
1500	20	30	20	122.55	0.36765	10	10	2026-04-26 18:30:20.046101	2	1
1501	21	1	21	298.19	0.89457	10	10	2026-04-26 18:30:20.046101	2	1
1502	21	2	21	467.10	1.40130	10	10	2026-04-26 18:30:20.046101	2	1
1503	21	3	21	229.12	0.68736	10	10	2026-04-26 18:30:20.046101	2	1
1504	21	4	21	290.41	0.87123	10	10	2026-04-26 18:30:20.046101	2	1
1505	21	5	21	378.86	1.13658	10	10	2026-04-26 18:30:20.046101	2	1
1506	21	6	21	742.56	2.22768	10	10	2026-04-26 18:30:20.046101	2	1
1507	21	7	21	413.95	1.24185	10	10	2026-04-26 18:30:20.046101	2	1
1508	21	8	21	775236.02	2325.70806	10	10	2026-04-26 18:30:20.046101	2	1
1509	21	9	21	972.38	2.91714	10	10	2026-04-26 18:30:20.046101	2	1
1510	21	10	21	339.13	1.01739	10	10	2026-04-26 18:30:20.046101	2	1
1511	21	11	21	142.93	0.42879	10	10	2026-04-26 18:30:20.046101	2	1
1512	21	12	21	390.43	1.17129	10	10	2026-04-26 18:30:20.046101	2	1
1513	21	13	21	340.38	1.02114	10	10	2026-04-26 18:30:20.046101	2	1
1514	21	14	21	554.61	1.66383	10	10	2026-04-26 18:30:20.046101	2	1
1515	21	15	21	369.50	1.10850	10	10	2026-04-26 18:30:20.046101	2	1
1516	21	16	21	163.02	0.48906	10	10	2026-04-26 18:30:20.046101	2	1
1517	21	17	21	1112.29	3.33687	10	10	2026-04-26 18:30:20.046101	2	1
1518	21	18	21	84.32	0.25296	10	10	2026-04-26 18:30:20.046101	2	1
1519	21	19	21	171.01	0.51303	10	10	2026-04-26 18:30:20.046101	2	1
1520	21	20	21	97.93	0.29379	10	10	2026-04-26 18:30:20.046101	2	1
1521	21	21	21	270.01	0.81003	10	10	2026-04-26 18:30:20.046101	2	1
1522	21	22	21	90.82	0.27246	10	10	2026-04-26 18:30:20.046101	2	1
1523	21	23	21	101.71	0.30513	10	10	2026-04-26 18:30:20.046101	2	1
1524	21	24	21	382.61	1.14783	10	10	2026-04-26 18:30:20.046101	2	1
1525	21	25	21	163.76	0.49128	10	10	2026-04-26 18:30:20.046101	2	1
1526	21	26	21	465.06	1.39518	10	10	2026-04-26 18:30:20.046101	2	1
1527	21	27	21	208.80	0.62640	10	10	2026-04-26 18:30:20.046101	2	1
1528	21	28	21	57.28	0.17184	10	10	2026-04-26 18:30:20.046101	2	1
1529	21	29	21	1019.62	3.05886	10	10	2026-04-26 18:30:20.046101	2	1
1530	21	30	21	123.11	0.36933	10	10	2026-04-26 18:30:20.046101	2	1
1531	22	1	22	299.54	0.89862	10	10	2026-04-26 18:30:20.046101	2	1
1532	22	2	22	469.23	1.40769	10	10	2026-04-26 18:30:20.046101	2	1
1533	22	3	22	230.16	0.69048	10	10	2026-04-26 18:30:20.046101	2	1
1534	22	4	22	291.73	0.87519	10	10	2026-04-26 18:30:20.046101	2	1
1535	22	5	22	380.58	1.14174	10	10	2026-04-26 18:30:20.046101	2	1
1536	22	6	22	745.93	2.23779	10	10	2026-04-26 18:30:20.046101	2	1
1537	22	7	22	415.83	1.24749	10	10	2026-04-26 18:30:20.046101	2	1
1538	22	8	22	778759.82	2336.27946	10	10	2026-04-26 18:30:20.046101	2	1
1539	22	9	22	976.80	2.93040	10	10	2026-04-26 18:30:20.046101	2	1
1540	22	10	22	340.67	1.02201	10	10	2026-04-26 18:30:20.046101	2	1
1541	22	11	22	143.58	0.43074	10	10	2026-04-26 18:30:20.046101	2	1
1542	22	12	22	392.21	1.17663	10	10	2026-04-26 18:30:20.046101	2	1
1543	22	13	22	341.93	1.02579	10	10	2026-04-26 18:30:20.046101	2	1
1544	22	14	22	557.13	1.67139	10	10	2026-04-26 18:30:20.046101	2	1
1545	22	15	22	371.18	1.11354	10	10	2026-04-26 18:30:20.046101	2	1
1546	22	16	22	163.76	0.49128	10	10	2026-04-26 18:30:20.046101	2	1
1547	22	17	22	1117.34	3.35202	10	10	2026-04-26 18:30:20.046101	2	1
1548	22	18	22	84.70	0.25410	10	10	2026-04-26 18:30:20.046101	2	1
1549	22	19	22	171.78	0.51534	10	10	2026-04-26 18:30:20.046101	2	1
1550	22	20	22	98.38	0.29514	10	10	2026-04-26 18:30:20.046101	2	1
1551	22	21	22	271.23	0.81369	10	10	2026-04-26 18:30:20.046101	2	1
1552	22	22	22	91.23	0.27369	10	10	2026-04-26 18:30:20.046101	2	1
1553	22	23	22	102.17	0.30651	10	10	2026-04-26 18:30:20.046101	2	1
1554	22	24	22	384.35	1.15305	10	10	2026-04-26 18:30:20.046101	2	1
1555	22	25	22	164.50	0.49350	10	10	2026-04-26 18:30:20.046101	2	1
1556	22	26	22	467.17	1.40151	10	10	2026-04-26 18:30:20.046101	2	1
1557	22	27	22	209.75	0.62925	10	10	2026-04-26 18:30:20.046101	2	1
1558	22	28	22	57.54	0.17262	10	10	2026-04-26 18:30:20.046101	2	1
1559	22	29	22	1024.26	3.07278	10	10	2026-04-26 18:30:20.046101	2	1
1560	22	30	22	123.67	0.37101	10	10	2026-04-26 18:30:20.046101	2	1
1561	23	1	23	300.90	0.90270	10	10	2026-04-26 18:30:20.046101	2	1
1562	23	2	23	471.35	1.41405	10	10	2026-04-26 18:30:20.046101	2	1
1563	23	3	23	231.20	0.69360	10	10	2026-04-26 18:30:20.046101	2	1
1564	23	4	23	293.05	0.87915	10	10	2026-04-26 18:30:20.046101	2	1
1565	23	5	23	382.31	1.14693	10	10	2026-04-26 18:30:20.046101	2	1
1566	23	6	23	749.31	2.24793	10	10	2026-04-26 18:30:20.046101	2	1
1567	23	7	23	417.72	1.25316	10	10	2026-04-26 18:30:20.046101	2	1
1568	23	8	23	782283.62	2346.85086	10	10	2026-04-26 18:30:20.046101	2	1
1569	23	9	23	981.22	2.94366	10	10	2026-04-26 18:30:20.046101	2	1
1570	23	10	23	342.21	1.02663	10	10	2026-04-26 18:30:20.046101	2	1
1571	23	11	23	144.23	0.43269	10	10	2026-04-26 18:30:20.046101	2	1
1572	23	12	23	393.98	1.18194	10	10	2026-04-26 18:30:20.046101	2	1
1573	23	13	23	343.48	1.03044	10	10	2026-04-26 18:30:20.046101	2	1
1574	23	14	23	559.65	1.67895	10	10	2026-04-26 18:30:20.046101	2	1
1575	23	15	23	372.86	1.11858	10	10	2026-04-26 18:30:20.046101	2	1
1576	23	16	23	164.50	0.49350	10	10	2026-04-26 18:30:20.046101	2	1
1577	23	17	23	1122.40	3.36720	10	10	2026-04-26 18:30:20.046101	2	1
1578	23	18	23	85.08	0.25524	10	10	2026-04-26 18:30:20.046101	2	1
1579	23	19	23	172.56	0.51768	10	10	2026-04-26 18:30:20.046101	2	1
1580	23	20	23	98.82	0.29646	10	10	2026-04-26 18:30:20.046101	2	1
1581	23	21	23	272.46	0.81738	10	10	2026-04-26 18:30:20.046101	2	1
1582	23	22	23	91.64	0.27492	10	10	2026-04-26 18:30:20.046101	2	1
1583	23	23	23	102.63	0.30789	10	10	2026-04-26 18:30:20.046101	2	1
1584	23	24	23	386.09	1.15827	10	10	2026-04-26 18:30:20.046101	2	1
1585	23	25	23	165.25	0.49575	10	10	2026-04-26 18:30:20.046101	2	1
1586	23	26	23	469.29	1.40787	10	10	2026-04-26 18:30:20.046101	2	1
1587	23	27	23	210.70	0.63210	10	10	2026-04-26 18:30:20.046101	2	1
1588	23	28	23	57.80	0.17340	10	10	2026-04-26 18:30:20.046101	2	1
1589	23	29	23	1028.89	3.08667	10	10	2026-04-26 18:30:20.046101	2	1
1590	23	30	23	124.23	0.37269	10	10	2026-04-26 18:30:20.046101	2	1
1591	24	1	24	302.25	0.90675	10	10	2026-04-26 18:30:20.046101	2	1
1592	24	2	24	473.47	1.42041	10	10	2026-04-26 18:30:20.046101	2	1
1593	24	3	24	232.24	0.69672	10	10	2026-04-26 18:30:20.046101	2	1
1594	24	4	24	294.37	0.88311	10	10	2026-04-26 18:30:20.046101	2	1
1595	24	5	24	384.03	1.15209	10	10	2026-04-26 18:30:20.046101	2	1
1596	24	6	24	752.68	2.25804	10	10	2026-04-26 18:30:20.046101	2	1
1597	24	7	24	419.60	1.25880	10	10	2026-04-26 18:30:20.046101	2	1
1598	24	8	24	785807.42	2357.42226	10	10	2026-04-26 18:30:20.046101	2	1
1599	24	9	24	985.64	2.95692	10	10	2026-04-26 18:30:20.046101	2	1
1600	24	10	24	343.75	1.03125	10	10	2026-04-26 18:30:20.046101	2	1
1601	24	11	24	144.88	0.43464	10	10	2026-04-26 18:30:20.046101	2	1
1602	24	12	24	395.76	1.18728	10	10	2026-04-26 18:30:20.046101	2	1
1603	24	13	24	345.03	1.03509	10	10	2026-04-26 18:30:20.046101	2	1
1604	24	14	24	562.17	1.68651	10	10	2026-04-26 18:30:20.046101	2	1
1605	24	15	24	374.54	1.12362	10	10	2026-04-26 18:30:20.046101	2	1
1606	24	16	24	165.24	0.49572	10	10	2026-04-26 18:30:20.046101	2	1
1607	24	17	24	1127.45	3.38235	10	10	2026-04-26 18:30:20.046101	2	1
1608	24	18	24	85.46	0.25638	10	10	2026-04-26 18:30:20.046101	2	1
1609	24	19	24	173.34	0.52002	10	10	2026-04-26 18:30:20.046101	2	1
1610	24	20	24	99.27	0.29781	10	10	2026-04-26 18:30:20.046101	2	1
1611	24	21	24	273.69	0.82107	10	10	2026-04-26 18:30:20.046101	2	1
1612	24	22	24	92.05	0.27615	10	10	2026-04-26 18:30:20.046101	2	1
1613	24	23	24	103.09	0.30927	10	10	2026-04-26 18:30:20.046101	2	1
1614	24	24	24	387.83	1.16349	10	10	2026-04-26 18:30:20.046101	2	1
1615	24	25	24	165.99	0.49797	10	10	2026-04-26 18:30:20.046101	2	1
1616	24	26	24	471.40	1.41420	10	10	2026-04-26 18:30:20.046101	2	1
1617	24	27	24	211.65	0.63495	10	10	2026-04-26 18:30:20.046101	2	1
1618	24	28	24	58.06	0.17418	10	10	2026-04-26 18:30:20.046101	2	1
1619	24	29	24	1033.53	3.10059	10	10	2026-04-26 18:30:20.046101	2	1
1620	24	30	24	124.79	0.37437	10	10	2026-04-26 18:30:20.046101	2	1
1621	25	1	25	303.61	0.91083	10	10	2026-04-26 18:30:20.046101	2	1
1622	25	2	25	475.60	1.42680	10	10	2026-04-26 18:30:20.046101	2	1
1623	25	3	25	233.28	0.69984	10	10	2026-04-26 18:30:20.046101	2	1
1624	25	4	25	295.69	0.88707	10	10	2026-04-26 18:30:20.046101	2	1
1625	25	5	25	385.75	1.15725	10	10	2026-04-26 18:30:20.046101	2	1
1626	25	6	25	756.06	2.26818	10	10	2026-04-26 18:30:20.046101	2	1
1627	25	7	25	421.48	1.26444	10	10	2026-04-26 18:30:20.046101	2	1
1628	25	8	25	789331.22	2367.99366	10	10	2026-04-26 18:30:20.046101	2	1
1629	25	9	25	990.06	2.97018	10	10	2026-04-26 18:30:20.046101	2	1
1630	25	10	25	345.30	1.03590	10	10	2026-04-26 18:30:20.046101	2	1
1631	25	11	25	145.53	0.43659	10	10	2026-04-26 18:30:20.046101	2	1
1632	25	12	25	397.53	1.19259	10	10	2026-04-26 18:30:20.046101	2	1
1633	25	13	25	346.57	1.03971	10	10	2026-04-26 18:30:20.046101	2	1
1634	25	14	25	564.69	1.69407	10	10	2026-04-26 18:30:20.046101	2	1
1635	25	15	25	376.22	1.12866	10	10	2026-04-26 18:30:20.046101	2	1
1636	25	16	25	165.98	0.49794	10	10	2026-04-26 18:30:20.046101	2	1
1637	25	17	25	1132.51	3.39753	10	10	2026-04-26 18:30:20.046101	2	1
1638	25	18	25	85.85	0.25755	10	10	2026-04-26 18:30:20.046101	2	1
1639	25	19	25	174.12	0.52236	10	10	2026-04-26 18:30:20.046101	2	1
1640	25	20	25	99.71	0.29913	10	10	2026-04-26 18:30:20.046101	2	1
1641	25	21	25	274.92	0.82476	10	10	2026-04-26 18:30:20.046101	2	1
1642	25	22	25	92.47	0.27741	10	10	2026-04-26 18:30:20.046101	2	1
1643	25	23	25	103.56	0.31068	10	10	2026-04-26 18:30:20.046101	2	1
1644	25	24	25	389.57	1.16871	10	10	2026-04-26 18:30:20.046101	2	1
1645	25	25	25	166.73	0.50019	10	10	2026-04-26 18:30:20.046101	2	1
1646	25	26	25	473.51	1.42053	10	10	2026-04-26 18:30:20.046101	2	1
1647	25	27	25	212.60	0.63780	10	10	2026-04-26 18:30:20.046101	2	1
1648	25	28	25	58.32	0.17496	10	10	2026-04-26 18:30:20.046101	2	1
1649	25	29	25	1038.16	3.11448	10	10	2026-04-26 18:30:20.046101	2	1
1650	25	30	25	125.35	0.37605	10	10	2026-04-26 18:30:20.046101	2	1
1651	26	1	26	304.97	0.91491	10	10	2026-04-26 18:30:20.046101	2	1
1652	26	2	26	477.72	1.43316	10	10	2026-04-26 18:30:20.046101	2	1
1653	26	3	26	234.33	0.70299	10	10	2026-04-26 18:30:20.046101	2	1
1654	26	4	26	297.01	0.89103	10	10	2026-04-26 18:30:20.046101	2	1
1655	26	5	26	387.47	1.16241	10	10	2026-04-26 18:30:20.046101	2	1
1656	26	6	26	759.43	2.27829	10	10	2026-04-26 18:30:20.046101	2	1
1657	26	7	26	423.36	1.27008	10	10	2026-04-26 18:30:20.046101	2	1
1658	26	8	26	792855.02	2378.56506	10	10	2026-04-26 18:30:20.046101	2	1
1659	26	9	26	994.48	2.98344	10	10	2026-04-26 18:30:20.046101	2	1
1660	26	10	26	346.84	1.04052	10	10	2026-04-26 18:30:20.046101	2	1
1661	26	11	26	146.18	0.43854	10	10	2026-04-26 18:30:20.046101	2	1
1662	26	12	26	399.31	1.19793	10	10	2026-04-26 18:30:20.046101	2	1
1663	26	13	26	348.12	1.04436	10	10	2026-04-26 18:30:20.046101	2	1
1664	26	14	26	567.21	1.70163	10	10	2026-04-26 18:30:20.046101	2	1
1665	26	15	26	377.90	1.13370	10	10	2026-04-26 18:30:20.046101	2	1
1666	26	16	26	166.73	0.50019	10	10	2026-04-26 18:30:20.046101	2	1
1667	26	17	26	1137.57	3.41271	10	10	2026-04-26 18:30:20.046101	2	1
1668	26	18	26	86.23	0.25869	10	10	2026-04-26 18:30:20.046101	2	1
1669	26	19	26	174.89	0.52467	10	10	2026-04-26 18:30:20.046101	2	1
1670	26	20	26	100.16	0.30048	10	10	2026-04-26 18:30:20.046101	2	1
1671	26	21	26	276.14	0.82842	10	10	2026-04-26 18:30:20.046101	2	1
1672	26	22	26	92.88	0.27864	10	10	2026-04-26 18:30:20.046101	2	1
1673	26	23	26	104.02	0.31206	10	10	2026-04-26 18:30:20.046101	2	1
1674	26	24	26	391.31	1.17393	10	10	2026-04-26 18:30:20.046101	2	1
1675	26	25	26	167.48	0.50244	10	10	2026-04-26 18:30:20.046101	2	1
1676	26	26	26	475.63	1.42689	10	10	2026-04-26 18:30:20.046101	2	1
1677	26	27	26	213.55	0.64065	10	10	2026-04-26 18:30:20.046101	2	1
1678	26	28	26	58.58	0.17574	10	10	2026-04-26 18:30:20.046101	2	1
1679	26	29	26	1042.80	3.12840	10	10	2026-04-26 18:30:20.046101	2	1
1680	26	30	26	125.91	0.37773	10	10	2026-04-26 18:30:20.046101	2	1
1681	27	1	27	306.32	0.91896	10	10	2026-04-26 18:30:20.046101	2	1
1682	27	2	27	479.84	1.43952	10	10	2026-04-26 18:30:20.046101	2	1
1683	27	3	27	235.37	0.70611	10	10	2026-04-26 18:30:20.046101	2	1
1684	27	4	27	298.33	0.89499	10	10	2026-04-26 18:30:20.046101	2	1
1685	27	5	27	389.19	1.16757	10	10	2026-04-26 18:30:20.046101	2	1
1686	27	6	27	762.81	2.28843	10	10	2026-04-26 18:30:20.046101	2	1
1687	27	7	27	425.24	1.27572	10	10	2026-04-26 18:30:20.046101	2	1
1688	27	8	27	796378.82	2389.13646	10	10	2026-04-26 18:30:20.046101	2	1
1689	27	9	27	998.90	2.99670	10	10	2026-04-26 18:30:20.046101	2	1
1690	27	10	27	348.38	1.04514	10	10	2026-04-26 18:30:20.046101	2	1
1691	27	11	27	146.83	0.44049	10	10	2026-04-26 18:30:20.046101	2	1
1692	27	12	27	401.08	1.20324	10	10	2026-04-26 18:30:20.046101	2	1
1693	27	13	27	349.67	1.04901	10	10	2026-04-26 18:30:20.046101	2	1
1694	27	14	27	569.73	1.70919	10	10	2026-04-26 18:30:20.046101	2	1
1695	27	15	27	379.58	1.13874	10	10	2026-04-26 18:30:20.046101	2	1
1696	27	16	27	167.47	0.50241	10	10	2026-04-26 18:30:20.046101	2	1
1697	27	17	27	1142.62	3.42786	10	10	2026-04-26 18:30:20.046101	2	1
1698	27	18	27	86.61	0.25983	10	10	2026-04-26 18:30:20.046101	2	1
1699	27	19	27	175.67	0.52701	10	10	2026-04-26 18:30:20.046101	2	1
1700	27	20	27	100.60	0.30180	10	10	2026-04-26 18:30:20.046101	2	1
1701	27	21	27	277.37	0.83211	10	10	2026-04-26 18:30:20.046101	2	1
1702	27	22	27	93.29	0.27987	10	10	2026-04-26 18:30:20.046101	2	1
1703	27	23	27	104.48	0.31344	10	10	2026-04-26 18:30:20.046101	2	1
1704	27	24	27	393.05	1.17915	10	10	2026-04-26 18:30:20.046101	2	1
1705	27	25	27	168.22	0.50466	10	10	2026-04-26 18:30:20.046101	2	1
1706	27	26	27	477.74	1.43322	10	10	2026-04-26 18:30:20.046101	2	1
1707	27	27	27	214.50	0.64350	10	10	2026-04-26 18:30:20.046101	2	1
1708	27	28	27	58.84	0.17652	10	10	2026-04-26 18:30:20.046101	2	1
1709	27	29	27	1047.43	3.14229	10	10	2026-04-26 18:30:20.046101	2	1
1710	27	30	27	126.47	0.37941	10	10	2026-04-26 18:30:20.046101	2	1
1711	28	1	28	307.68	0.92304	10	10	2026-04-26 18:30:20.046101	2	1
1712	28	2	28	481.97	1.44591	10	10	2026-04-26 18:30:20.046101	2	1
1713	28	3	28	236.41	0.70923	10	10	2026-04-26 18:30:20.046101	2	1
1714	28	4	28	299.65	0.89895	10	10	2026-04-26 18:30:20.046101	2	1
1715	28	5	28	390.92	1.17276	10	10	2026-04-26 18:30:20.046101	2	1
1716	28	6	28	766.18	2.29854	10	10	2026-04-26 18:30:20.046101	2	1
1717	28	7	28	427.12	1.28136	10	10	2026-04-26 18:30:20.046101	2	1
1718	28	8	28	799902.62	2399.70786	10	10	2026-04-26 18:30:20.046101	2	1
1719	28	9	28	1003.32	3.00996	10	10	2026-04-26 18:30:20.046101	2	1
1720	28	10	28	349.92	1.04976	10	10	2026-04-26 18:30:20.046101	2	1
1721	28	11	28	147.48	0.44244	10	10	2026-04-26 18:30:20.046101	2	1
1722	28	12	28	402.86	1.20858	10	10	2026-04-26 18:30:20.046101	2	1
1723	28	13	28	351.21	1.05363	10	10	2026-04-26 18:30:20.046101	2	1
1724	28	14	28	572.26	1.71678	10	10	2026-04-26 18:30:20.046101	2	1
1725	28	15	28	381.26	1.14378	10	10	2026-04-26 18:30:20.046101	2	1
1726	28	16	28	168.21	0.50463	10	10	2026-04-26 18:30:20.046101	2	1
1727	28	17	28	1147.68	3.44304	10	10	2026-04-26 18:30:20.046101	2	1
1728	28	18	28	87.00	0.26100	10	10	2026-04-26 18:30:20.046101	2	1
1729	28	19	28	176.45	0.52935	10	10	2026-04-26 18:30:20.046101	2	1
1730	28	20	28	101.05	0.30315	10	10	2026-04-26 18:30:20.046101	2	1
1731	28	21	28	278.60	0.83580	10	10	2026-04-26 18:30:20.046101	2	1
1732	28	22	28	93.71	0.28113	10	10	2026-04-26 18:30:20.046101	2	1
1733	28	23	28	104.94	0.31482	10	10	2026-04-26 18:30:20.046101	2	1
1734	28	24	28	394.79	1.18437	10	10	2026-04-26 18:30:20.046101	2	1
1735	28	25	28	168.97	0.50691	10	10	2026-04-26 18:30:20.046101	2	1
1736	28	26	28	479.86	1.43958	10	10	2026-04-26 18:30:20.046101	2	1
1737	28	27	28	215.45	0.64635	10	10	2026-04-26 18:30:20.046101	2	1
1738	28	28	28	59.10	0.17730	10	10	2026-04-26 18:30:20.046101	2	1
1739	28	29	28	1052.07	3.15621	10	10	2026-04-26 18:30:20.046101	2	1
1740	28	30	28	127.03	0.38109	10	10	2026-04-26 18:30:20.046101	2	1
1741	29	1	29	309.03	0.92709	10	10	2026-04-26 18:30:20.046101	2	1
1742	29	2	29	484.09	1.45227	10	10	2026-04-26 18:30:20.046101	2	1
1743	29	3	29	237.45	0.71235	10	10	2026-04-26 18:30:20.046101	2	1
1744	29	4	29	300.97	0.90291	10	10	2026-04-26 18:30:20.046101	2	1
1745	29	5	29	392.64	1.17792	10	10	2026-04-26 18:30:20.046101	2	1
1746	29	6	29	769.56	2.30868	10	10	2026-04-26 18:30:20.046101	2	1
1747	29	7	29	429.00	1.28700	10	10	2026-04-26 18:30:20.046101	2	1
1748	29	8	29	803426.42	2410.27926	10	10	2026-04-26 18:30:20.046101	2	1
1749	29	9	29	1007.74	3.02322	10	10	2026-04-26 18:30:20.046101	2	1
1750	29	10	29	351.46	1.05438	10	10	2026-04-26 18:30:20.046101	2	1
1751	29	11	29	148.13	0.44439	10	10	2026-04-26 18:30:20.046101	2	1
1752	29	12	29	404.63	1.21389	10	10	2026-04-26 18:30:20.046101	2	1
1753	29	13	29	352.76	1.05828	10	10	2026-04-26 18:30:20.046101	2	1
1754	29	14	29	574.78	1.72434	10	10	2026-04-26 18:30:20.046101	2	1
1755	29	15	29	382.94	1.14882	10	10	2026-04-26 18:30:20.046101	2	1
1756	29	16	29	168.95	0.50685	10	10	2026-04-26 18:30:20.046101	2	1
1757	29	17	29	1152.73	3.45819	10	10	2026-04-26 18:30:20.046101	2	1
1758	29	18	29	87.38	0.26214	10	10	2026-04-26 18:30:20.046101	2	1
1759	29	19	29	177.22	0.53166	10	10	2026-04-26 18:30:20.046101	2	1
1760	29	20	29	101.49	0.30447	10	10	2026-04-26 18:30:20.046101	2	1
1761	29	21	29	279.82	0.83946	10	10	2026-04-26 18:30:20.046101	2	1
1762	29	22	29	94.12	0.28236	10	10	2026-04-26 18:30:20.046101	2	1
1763	29	23	29	105.40	0.31620	10	10	2026-04-26 18:30:20.046101	2	1
1764	29	24	29	396.53	1.18959	10	10	2026-04-26 18:30:20.046101	2	1
1765	29	25	29	169.71	0.50913	10	10	2026-04-26 18:30:20.046101	2	1
1766	29	26	29	481.97	1.44591	10	10	2026-04-26 18:30:20.046101	2	1
1767	29	27	29	216.39	0.64917	10	10	2026-04-26 18:30:20.046101	2	1
1768	29	28	29	59.36	0.17808	10	10	2026-04-26 18:30:20.046101	2	1
1769	29	29	29	1056.70	3.17010	10	10	2026-04-26 18:30:20.046101	2	1
1770	29	30	29	127.59	0.38277	10	10	2026-04-26 18:30:20.046101	2	1
1771	30	1	30	310.39	0.93117	10	10	2026-04-26 18:30:20.046101	2	1
1772	30	2	30	486.21	1.45863	10	10	2026-04-26 18:30:20.046101	2	1
1773	30	3	30	238.49	0.71547	10	10	2026-04-26 18:30:20.046101	2	1
1774	30	4	30	302.29	0.90687	10	10	2026-04-26 18:30:20.046101	2	1
1775	30	5	30	394.36	1.18308	10	10	2026-04-26 18:30:20.046101	2	1
1776	30	6	30	772.93	2.31879	10	10	2026-04-26 18:30:20.046101	2	1
1777	30	7	30	430.89	1.29267	10	10	2026-04-26 18:30:20.046101	2	1
1778	30	8	30	806950.22	2420.85066	10	10	2026-04-26 18:30:20.046101	2	1
1779	30	9	30	1012.16	3.03648	10	10	2026-04-26 18:30:20.046101	2	1
1780	30	10	30	353.00	1.05900	10	10	2026-04-26 18:30:20.046101	2	1
1781	30	11	30	148.78	0.44634	10	10	2026-04-26 18:30:20.046101	2	1
1782	30	12	30	406.41	1.21923	10	10	2026-04-26 18:30:20.046101	2	1
1783	30	13	30	354.31	1.06293	10	10	2026-04-26 18:30:20.046101	2	1
1784	30	14	30	577.30	1.73190	10	10	2026-04-26 18:30:20.046101	2	1
1785	30	15	30	384.62	1.15386	10	10	2026-04-26 18:30:20.046101	2	1
1786	30	16	30	169.69	0.50907	10	10	2026-04-26 18:30:20.046101	2	1
1787	30	17	30	1157.79	3.47337	10	10	2026-04-26 18:30:20.046101	2	1
1788	30	18	30	87.76	0.26328	10	10	2026-04-26 18:30:20.046101	2	1
1789	30	19	30	178.00	0.53400	10	10	2026-04-26 18:30:20.046101	2	1
1790	30	20	30	101.94	0.30582	10	10	2026-04-26 18:30:20.046101	2	1
1791	30	21	30	281.05	0.84315	10	10	2026-04-26 18:30:20.046101	2	1
1792	30	22	30	94.53	0.28359	10	10	2026-04-26 18:30:20.046101	2	1
1793	30	23	30	105.87	0.31761	10	10	2026-04-26 18:30:20.046101	2	1
1794	30	24	30	398.27	1.19481	10	10	2026-04-26 18:30:20.046101	2	1
1795	30	25	30	170.46	0.51138	10	10	2026-04-26 18:30:20.046101	2	1
1796	30	26	30	484.08	1.45224	10	10	2026-04-26 18:30:20.046101	2	1
1797	30	27	30	217.34	0.65202	10	10	2026-04-26 18:30:20.046101	2	1
1798	30	28	30	59.62	0.17886	10	10	2026-04-26 18:30:20.046101	2	1
1799	30	29	30	1061.33	3.18399	10	10	2026-04-26 18:30:20.046101	2	1
1800	30	30	30	128.15	0.38445	10	10	2026-04-26 18:30:20.046101	2	1
\.


--
-- Data for Name: processed_operations; Type: TABLE DATA; Schema: public; Owner: postgres
--

COPY public.processed_operations (operation_id) FROM stdin;
\.


--
-- Data for Name: transaction_saga; Type: TABLE DATA; Schema: public; Owner: postgres
--

COPY public.transaction_saga (id, saga_id, step, status, context, error_message, created_at, updated_at) FROM stdin;
\.


--
-- Data for Name: transactions; Type: TABLE DATA; Schema: public; Owner: postgres
--

COPY public.transactions (id, buy_order_id, sell_order_id, quantity, executed_price, executed_fee, executed_at) FROM stdin;
\.


--
-- Name: orders_id_seq; Type: SEQUENCE SET; Schema: public; Owner: postgres
--

SELECT pg_catalog.setval('public.orders_id_seq', 1800, true);


--
-- Name: transaction_saga_id_seq; Type: SEQUENCE SET; Schema: public; Owner: postgres
--

SELECT pg_catalog.setval('public.transaction_saga_id_seq', 1, true);


--
-- Name: transactions_id_seq; Type: SEQUENCE SET; Schema: public; Owner: postgres
--

SELECT pg_catalog.setval('public.transactions_id_seq', 1, true);


--
-- Name: customer_portfolios customer_portfolios_pkey; Type: CONSTRAINT; Schema: public; Owner: postgres
--

ALTER TABLE ONLY public.customer_portfolios
    ADD CONSTRAINT customer_portfolios_pkey PRIMARY KEY (customer_account_id, security_id);


--
-- Name: order_status order_status_pkey; Type: CONSTRAINT; Schema: public; Owner: postgres
--

ALTER TABLE ONLY public.order_status
    ADD CONSTRAINT order_status_pkey PRIMARY KEY (id);


--
-- Name: order_status order_status_status_key; Type: CONSTRAINT; Schema: public; Owner: postgres
--

ALTER TABLE ONLY public.order_status
    ADD CONSTRAINT order_status_status_key UNIQUE (status);


--
-- Name: order_type order_type_pkey; Type: CONSTRAINT; Schema: public; Owner: postgres
--

ALTER TABLE ONLY public.order_type
    ADD CONSTRAINT order_type_pkey PRIMARY KEY (id);


--
-- Name: order_type order_type_type_key; Type: CONSTRAINT; Schema: public; Owner: postgres
--

ALTER TABLE ONLY public.order_type
    ADD CONSTRAINT order_type_type_key UNIQUE (type);


--
-- Name: orders orders_pkey; Type: CONSTRAINT; Schema: public; Owner: postgres
--

ALTER TABLE ONLY public.orders
    ADD CONSTRAINT orders_pkey PRIMARY KEY (id);


--
-- Name: processed_operations processed_operations_pkey; Type: CONSTRAINT; Schema: public; Owner: postgres
--

ALTER TABLE ONLY public.processed_operations
    ADD CONSTRAINT processed_operations_pkey PRIMARY KEY (operation_id);


--
-- Name: transaction_saga transaction_saga_pkey; Type: CONSTRAINT; Schema: public; Owner: postgres
--

ALTER TABLE ONLY public.transaction_saga
    ADD CONSTRAINT transaction_saga_pkey PRIMARY KEY (id);


--
-- Name: transactions transactions_pkey; Type: CONSTRAINT; Schema: public; Owner: postgres
--

ALTER TABLE ONLY public.transactions
    ADD CONSTRAINT transactions_pkey PRIMARY KEY (id);


--
-- Name: idx_saga_id_created_at; Type: INDEX; Schema: public; Owner: postgres
--

CREATE INDEX idx_saga_id_created_at ON public.transaction_saga USING btree (saga_id, created_at DESC);


--
-- Name: idx_saga_status; Type: INDEX; Schema: public; Owner: postgres
--

CREATE INDEX idx_saga_status ON public.transaction_saga USING btree (status);


--
-- Name: orders orders_order_status_id_fkey; Type: FK CONSTRAINT; Schema: public; Owner: postgres
--

ALTER TABLE ONLY public.orders
    ADD CONSTRAINT orders_order_status_id_fkey FOREIGN KEY (order_status_id) REFERENCES public.order_status(id);


--
-- Name: orders orders_order_type_id_fkey; Type: FK CONSTRAINT; Schema: public; Owner: postgres
--

ALTER TABLE ONLY public.orders
    ADD CONSTRAINT orders_order_type_id_fkey FOREIGN KEY (order_type_id) REFERENCES public.order_type(id);


--
-- Name: transactions transactions_buy_order_id_fkey; Type: FK CONSTRAINT; Schema: public; Owner: postgres
--

ALTER TABLE ONLY public.transactions
    ADD CONSTRAINT transactions_buy_order_id_fkey FOREIGN KEY (buy_order_id) REFERENCES public.orders(id);


--
-- Name: transactions transactions_sell_order_id_fkey; Type: FK CONSTRAINT; Schema: public; Owner: postgres
--

ALTER TABLE ONLY public.transactions
    ADD CONSTRAINT transactions_sell_order_id_fkey FOREIGN KEY (sell_order_id) REFERENCES public.orders(id);


--
-- PostgreSQL database dump complete
--

